{"v":"5.7.11","fr":25,"ip":0,"op":81,"w":350,"h":350,"nm":"Comp 21","ddd":0,"assets":[],"layers":[{"ddd":0,"ind":1,"ty":4,"nm":"Layer 3","sr":1,"ks":{"o":{"a":0,"k":100,"ix":11},"r":{"a":0,"k":0,"ix":10},"p":{"a":1,"k":[{"i":{"x":0.667,"y":1},"o":{"x":0.333,"y":0},"t":39,"s":[203.092,90.686,0],"to":[1.111,0,0],"ti":[-1.111,0,0]},{"t":59,"s":[209.759,90.686,0]}],"ix":2,"l":2},"a":{"a":0,"k":[28.092,-84.314,0],"ix":1,"l":2},"s":{"a":0,"k":[100,100,100],"ix":6,"l":2}},"ao":0,"shapes":[{"ty":"gr","it":[{"ind":0,"ty":"sh","ix":1,"ks":{"a":0,"k":{"i":[[0,0],[-9.937,-1.104],[-1.912,-3.234],[0.522,-1.336],[1.354,0.474],[-3.095,1.606],[-8.81,-5.627],[0.969,-10.059]],"o":[[7.701,-6.377],[3.734,0.415],[0.73,1.235],[-0.522,1.336],[-0.291,-3.475],[9.278,-4.816],[8.517,5.44],[0,0]],"v":[[-12.406,-88.956],[15.566,-97.318],[25.258,-92.419],[25.813,-88.3],[22.37,-86.485],[28.594,-94.106],[58.421,-96.292],[68.39,-69.283]],"c":false},"ix":2},"nm":"Path 1","mn":"ADBE Vector Shape - Group","hd":false},{"ty":"st","c":{"a":0,"k":[0,0,0,1],"ix":3},"o":{"a":0,"k":100,"ix":4},"w":{"a":0,"k":0.8,"ix":5},"lc":2,"lj":2,"bm":0,"nm":"Stroke 1","mn":"ADBE Vector Graphic - Stroke","hd":false},{"ty":"tr","p":{"a":0,"k":[0,0],"ix":2},"a":{"a":0,"k":[0,0],"ix":1},"s":{"a":0,"k":[100,100],"ix":3},"r":{"a":0,"k":0,"ix":6},"o":{"a":0,"k":100,"ix":7},"sk":{"a":0,"k":0,"ix":4},"sa":{"a":0,"k":0,"ix":5},"nm":"Transform"}],"nm":"Group 1","np":2,"cix":2,"bm":0,"ix":1,"mn":"ADBE Vector Group","hd":false},{"ty":"tm","s":{"a":1,"k":[{"i":{"x":[0.667],"y":[1]},"o":{"x":[0.333],"y":[0]},"t":49,"s":[0]},{"t":59,"s":[100]}],"ix":1},"e":{"a":1,"k":[{"i":{"x":[0.667],"y":[1]},"o":{"x":[0.333],"y":[0]},"t":39,"s":[0]},{"t":49,"s":[100]}],"ix":2},"o":{"a":0,"k":0,"ix":3},"m":1,"ix":2,"nm":"Trim Paths 1","mn":"ADBE Vector Filter - Trim","hd":false}],"ip":39,"op":59,"st":39,"bm":0},{"ddd":0,"ind":2,"ty":4,"nm":"Layer 1","sr":1,"ks":{"o":{"a":0,"k":100,"ix":11},"r":{"a":0,"k":0,"ix":10},"p":{"a":1,"k":[{"i":{"x":0.667,"y":1},"o":{"x":0.333,"y":0},"t":10,"s":[203.092,90.686,0],"to":[1.111,0,0],"ti":[-1.111,0,0]},{"t":30,"s":[209.759,90.686,0]}],"ix":2,"l":2},"a":{"a":0,"k":[28.092,-84.314,0],"ix":1,"l":2},"s":{"a":0,"k":[100,100,100],"ix":6,"l":2}},"ao":0,"shapes":[{"ty":"gr","it":[{"ind":0,"ty":"sh","ix":1,"ks":{"a":0,"k":{"i":[[0,0],[-9.937,-1.104],[-1.912,-3.234],[0.522,-1.336],[1.354,0.474],[-3.095,1.606],[-8.81,-5.627],[0.969,-10.059]],"o":[[7.701,-6.377],[3.734,0.415],[0.73,1.235],[-0.522,1.336],[-0.291,-3.475],[9.278,-4.816],[8.517,5.44],[0,0]],"v":[[-12.406,-88.956],[15.566,-97.318],[25.258,-92.419],[25.813,-88.3],[22.37,-86.485],[28.594,-94.106],[58.421,-96.292],[68.39,-69.283]],"c":false},"ix":2},"nm":"Path 1","mn":"ADBE Vector Shape - Group","hd":false},{"ty":"st","c":{"a":0,"k":[0,0,0,1],"ix":3},"o":{"a":0,"k":100,"ix":4},"w":{"a":0,"k":0.8,"ix":5},"lc":2,"lj":2,"bm":0,"nm":"Stroke 1","mn":"ADBE Vector Graphic - Stroke","hd":false},{"ty":"tr","p":{"a":0,"k":[0,0],"ix":2},"a":{"a":0,"k":[0,0],"ix":1},"s":{"a":0,"k":[100,100],"ix":3},"r":{"a":0,"k":0,"ix":6},"o":{"a":0,"k":100,"ix":7},"sk":{"a":0,"k":0,"ix":4},"sa":{"a":0,"k":0,"ix":5},"nm":"Transform"}],"nm":"Group 1","np":2,"cix":2,"bm":0,"ix":1,"mn":"ADBE Vector Group","hd":false},{"ty":"tm","s":{"a":1,"k":[{"i":{"x":[0.667],"y":[1]},"o":{"x":[0.333],"y":[0]},"t":20,"s":[0]},{"t":30,"s":[100]}],"ix":1},"e":{"a":1,"k":[{"i":{"x":[0.667],"y":[1]},"o":{"x":[0.333],"y":[0]},"t":10,"s":[0]},{"t":20,"s":[100]}],"ix":2},"o":{"a":0,"k":0,"ix":3},"m":1,"ix":2,"nm":"Trim Paths 1","mn":"ADBE Vector Filter - Trim","hd":false}],"ip":10,"op":30,"st":10,"bm":0},{"ddd":0,"ind":3,"ty":4,"nm":"Layer 2","sr":1,"ks":{"o":{"a":0,"k":100,"ix":11},"r":{"a":0,"k":0,"ix":10},"p":{"a":0,"k":[175,175,0],"ix":2,"l":2},"a":{"a":0,"k":[0,0,0],"ix":1,"l":2},"s":{"a":0,"k":[100,100,100],"ix":6,"l":2}},"ao":0,"ef":[{"ty":5,"nm":"Kleaner","np":34,"mn":"Pseudo/Duik Kleaner v3.2","ix":1,"en":1,"ef":[{"ty":7,"nm":"Anticipation","mn":"Pseudo/Duik Kleaner v3.2-0001","ix":1,"v":{"a":0,"k":0,"ix":1}},{"ty":7,"nm":"Smart Interpolation","mn":"Pseudo/Duik Kleaner v3.2-0002","ix":2,"v":{"a":0,"k":0,"ix":2}},{"ty":7,"nm":"Follow Through","mn":"Pseudo/Duik Kleaner v3.2-0003","ix":3,"v":{"a":0,"k":1,"ix":3}},{"ty":6,"nm":"Anticipation","mn":"Pseudo/Duik Kleaner v3.2-0004","ix":4,"v":0},{"ty":0,"nm":"Duration (s)","mn":"Pseudo/Duik Kleaner v3.2-0005","ix":5,"v":{"a":0,"k":0.3,"ix":5}},{"ty":0,"nm":"Amplitude","mn":"Pseudo/Duik Kleaner v3.2-0006","ix":6,"v":{"a":0,"k":50,"ix":6}},{"ty":6,"nm":"","mn":"Pseudo/Duik Kleaner v3.2-0007","ix":7,"v":0},{"ty":6,"nm":"Interpolation","mn":"Pseudo/Duik Kleaner v3.2-0008","ix":8,"v":0},{"ty":0,"nm":"Slow In","mn":"Pseudo/Duik Kleaner v3.2-0009","ix":9,"v":{"a":0,"k":60,"ix":9}},{"ty":0,"nm":"Slow Out","mn":"Pseudo/Duik Kleaner v3.2-0010","ix":10,"v":{"a":0,"k":25,"ix":10}},{"ty":6,"nm":"","mn":"Pseudo/Duik Kleaner v3.2-0011","ix":11,"v":0},{"ty":6,"nm":"Follow Through","mn":"Pseudo/Duik Kleaner v3.2-0012","ix":12,"v":0},{"ty":0,"nm":"Elasticity","mn":"Pseudo/Duik Kleaner v3.2-0013","ix":13,"v":{"a":0,"k":10,"ix":13}},{"ty":0,"nm":"Elasticity random","mn":"Pseudo/Duik Kleaner v3.2-0014","ix":14,"v":{"a":0,"k":0,"ix":14}},{"ty":0,"nm":"Damping","mn":"Pseudo/Duik Kleaner v3.2-0015","ix":15,"v":{"a":0,"k":50,"ix":15}},{"ty":0,"nm":"Damping random","mn":"Pseudo/Duik Kleaner v3.2-0016","ix":16,"v":{"a":0,"k":0,"ix":16}},{"ty":7,"nm":"Bounce","mn":"Pseudo/Duik Kleaner v3.2-0017","ix":17,"v":{"a":0,"k":0,"ix":17}},{"ty":6,"nm":"","mn":"Pseudo/Duik Kleaner v3.2-0018","ix":18,"v":0},{"ty":6,"nm":"Spatial Options","mn":"Pseudo/Duik Kleaner v3.2-0019","ix":19,"v":0},{"ty":7,"nm":"Smart Interpolation","mn":"Pseudo/Duik Kleaner v3.2-0020","ix":20,"v":{"a":0,"k":0,"ix":20}},{"ty":7,"nm":"Mode","mn":"Pseudo/Duik Kleaner v3.2-0021","ix":21,"v":{"a":0,"k":1,"ix":21}},{"ty":6,"nm":"Overlap (simulation)","mn":"Pseudo/Duik Kleaner v3.2-0022","ix":22,"v":0},{"ty":7,"nm":"Overlap","mn":"Pseudo/Duik Kleaner v3.2-0023","ix":23,"v":{"a":0,"k":1,"ix":23}},{"ty":0,"nm":"Delay (s)","mn":"Pseudo/Duik Kleaner v3.2-0024","ix":24,"v":{"a":0,"k":0.05,"ix":24}},{"ty":0,"nm":"Overlap random","mn":"Pseudo/Duik Kleaner v3.2-0025","ix":25,"v":{"a":0,"k":0,"ix":25}},{"ty":6,"nm":"","mn":"Pseudo/Duik Kleaner v3.2-0026","ix":26,"v":0},{"ty":6,"nm":"Soft Body (simulation)","mn":"Pseudo/Duik Kleaner v3.2-0027","ix":27,"v":0},{"ty":7,"nm":"Soft Body","mn":"Pseudo/Duik Kleaner v3.2-0028","ix":28,"v":{"a":0,"k":1,"ix":28}},{"ty":0,"nm":"Soft-Body Flexibility","mn":"Pseudo/Duik Kleaner v3.2-0029","ix":29,"v":{"a":0,"k":100,"ix":29}},{"ty":6,"nm":"","mn":"Pseudo/Duik Kleaner v3.2-0030","ix":30,"v":0},{"ty":6,"nm":"","mn":"Pseudo/Duik Kleaner v3.2-0031","ix":31,"v":0},{"ty":0,"nm":"Precision","mn":"Pseudo/Duik Kleaner v3.2-0032","ix":32,"v":{"a":0,"k":1,"ix":32}}]},{"ty":5,"nm":"Kleaner 2","np":34,"mn":"Pseudo/Duik Kleaner v3.2","ix":2,"en":1,"ef":[{"ty":7,"nm":"Anticipation","mn":"Pseudo/Duik Kleaner v3.2-0001","ix":1,"v":{"a":0,"k":0,"ix":1}},{"ty":7,"nm":"Smart Interpolation","mn":"Pseudo/Duik Kleaner v3.2-0002","ix":2,"v":{"a":0,"k":0,"ix":2}},{"ty":7,"nm":"Follow Through","mn":"Pseudo/Duik Kleaner v3.2-0003","ix":3,"v":{"a":0,"k":1,"ix":3}},{"ty":6,"nm":"Anticipation","mn":"Pseudo/Duik Kleaner v3.2-0004","ix":4,"v":0},{"ty":0,"nm":"Duration (s)","mn":"Pseudo/Duik Kleaner v3.2-0005","ix":5,"v":{"a":0,"k":0.3,"ix":5}},{"ty":0,"nm":"Amplitude","mn":"Pseudo/Duik Kleaner v3.2-0006","ix":6,"v":{"a":0,"k":50,"ix":6}},{"ty":6,"nm":"","mn":"Pseudo/Duik Kleaner v3.2-0007","ix":7,"v":0},{"ty":6,"nm":"Interpolation","mn":"Pseudo/Duik Kleaner v3.2-0008","ix":8,"v":0},{"ty":0,"nm":"Slow In","mn":"Pseudo/Duik Kleaner v3.2-0009","ix":9,"v":{"a":0,"k":60,"ix":9}},{"ty":0,"nm":"Slow Out","mn":"Pseudo/Duik Kleaner v3.2-0010","ix":10,"v":{"a":0,"k":25,"ix":10}},{"ty":6,"nm":"","mn":"Pseudo/Duik Kleaner v3.2-0011","ix":11,"v":0},{"ty":6,"nm":"Follow Through","mn":"Pseudo/Duik Kleaner v3.2-0012","ix":12,"v":0},{"ty":0,"nm":"Elasticity","mn":"Pseudo/Duik Kleaner v3.2-0013","ix":13,"v":{"a":0,"k":10,"ix":13}},{"ty":0,"nm":"Elasticity random","mn":"Pseudo/Duik Kleaner v3.2-0014","ix":14,"v":{"a":0,"k":0,"ix":14}},{"ty":0,"nm":"Damping","mn":"Pseudo/Duik Kleaner v3.2-0015","ix":15,"v":{"a":0,"k":50,"ix":15}},{"ty":0,"nm":"Damping random","mn":"Pseudo/Duik Kleaner v3.2-0016","ix":16,"v":{"a":0,"k":0,"ix":16}},{"ty":7,"nm":"Bounce","mn":"Pseudo/Duik Kleaner v3.2-0017","ix":17,"v":{"a":0,"k":0,"ix":17}},{"ty":6,"nm":"","mn":"Pseudo/Duik Kleaner v3.2-0018","ix":18,"v":0},{"ty":6,"nm":"Spatial Options","mn":"Pseudo/Duik Kleaner v3.2-0019","ix":19,"v":0},{"ty":7,"nm":"Smart Interpolation","mn":"Pseudo/Duik Kleaner v3.2-0020","ix":20,"v":{"a":0,"k":0,"ix":20}},{"ty":7,"nm":"Mode","mn":"Pseudo/Duik Kleaner v3.2-0021","ix":21,"v":{"a":0,"k":1,"ix":21}},{"ty":6,"nm":"Overlap (simulation)","mn":"Pseudo/Duik Kleaner v3.2-0022","ix":22,"v":0},{"ty":7,"nm":"Overlap","mn":"Pseudo/Duik Kleaner v3.2-0023","ix":23,"v":{"a":0,"k":1,"ix":23}},{"ty":0,"nm":"Delay (s)","mn":"Pseudo/Duik Kleaner v3.2-0024","ix":24,"v":{"a":0,"k":0.05,"ix":24}},{"ty":0,"nm":"Overlap random","mn":"Pseudo/Duik Kleaner v3.2-0025","ix":25,"v":{"a":0,"k":0,"ix":25}},{"ty":6,"nm":"","mn":"Pseudo/Duik Kleaner v3.2-0026","ix":26,"v":0},{"ty":6,"nm":"Soft Body (simulation)","mn":"Pseudo/Duik Kleaner v3.2-0027","ix":27,"v":0},{"ty":7,"nm":"Soft Body","mn":"Pseudo/Duik Kleaner v3.2-0028","ix":28,"v":{"a":0,"k":1,"ix":28}},{"ty":0,"nm":"Soft-Body Flexibility","mn":"Pseudo/Duik Kleaner v3.2-0029","ix":29,"v":{"a":0,"k":100,"ix":29}},{"ty":6,"nm":"","mn":"Pseudo/Duik Kleaner v3.2-0030","ix":30,"v":0},{"ty":6,"nm":"","mn":"Pseudo/Duik Kleaner v3.2-0031","ix":31,"v":0},{"ty":0,"nm":"Precision","mn":"Pseudo/Duik Kleaner v3.2-0032","ix":32,"v":{"a":0,"k":1,"ix":32}}]}],"shapes":[{"ty":"gr","it":[{"ty":"gr","it":[{"ind":0,"ty":"sh","ix":1,"ks":{"a":0,"k":{"i":[[-2.579,-1.965],[-3.711,2.146],[-0.957,1.268],[-1.339,5.441],[0.561,2.352],[3.388,1.927],[1.284,-0.198],[0.156,-1.289],[-1.194,-1.031],[-1.733,-1.497],[2.464,1.609],[2.333,-0.76],[-0.112,-1.84],[-1.878,-1.475],[-2.984,-2.125],[3.853,-2.269],[-0.469,-1.621],[-1.109,-0.883],[-2.467,-1.501],[1.24,0.57],[1.299,-0.419]],"o":[[2.8,2.133],[1.375,-0.795],[3.375,-4.472],[0.578,-2.347],[-0.952,-3.993],[-1.129,-0.642],[-1.284,0.198],[-0.189,1.566],[1.733,1.497],[-2.217,-1.915],[-1.802,-1.177],[-1.753,0.571],[0.162,2.663],[2.881,2.262],[-2.675,-2.327],[-1.454,0.856],[0.394,1.362],[2.26,1.798],[-1.062,-0.857],[-1.24,-0.57],[-5.159,1.666]],"v":[[30.211,77.665],[39.444,80.879],[42.834,77.578],[50.004,62.502],[50.39,55.33],[41.842,46.135],[38.124,45.245],[35.464,47.712],[37.775,51.612],[44.199,57.331],[36.274,50.322],[30.316,48.2],[27.424,52.449],[32.514,58.099],[41.321,64.673],[28.577,58.919],[26.784,63.265],[29.424,66.508],[36.524,71.464],[33.146,69.17],[29.167,68.766]],"c":true},"ix":2},"nm":"Path 1","mn":"ADBE Vector Shape - Group","hd":false},{"ty":"st","c":{"a":0,"k":[0,0,0,1],"ix":3},"o":{"a":0,"k":100,"ix":4},"w":{"a":0,"k":0.8,"ix":5},"lc":2,"lj":2,"bm":0,"nm":"Stroke 1","mn":"ADBE Vector Graphic - Stroke","hd":false},{"ty":"fl","c":{"a":0,"k":[1,1,1,1],"ix":4},"o":{"a":0,"k":100,"ix":5},"r":1,"bm":0,"nm":"Fill 1","mn":"ADBE Vector Graphic - Fill","hd":false},{"ty":"tr","p":{"a":0,"k":[0,0],"ix":2},"a":{"a":0,"k":[0,0],"ix":1},"s":{"a":0,"k":[100,100],"ix":3},"r":{"a":0,"k":0,"ix":6},"o":{"a":0,"k":100,"ix":7},"sk":{"a":0,"k":0,"ix":4},"sa":{"a":0,"k":0,"ix":5},"nm":"Transform"}],"nm":"Group 1","np":3,"cix":2,"bm":0,"ix":1,"mn":"ADBE Vector Group","hd":false},{"ty":"gr","it":[{"ty":"gr","it":[{"ind":0,"ty":"sh","ix":1,"ks":{"a":0,"k":{"i":[[-0.548,-0.867],[0,0],[-0.407,-0.016],[0,0],[0.655,-0.789],[0,0],[-0.111,-0.392],[0,0],[0.952,0.379],[0,0],[0.338,-0.226],[0,0],[-0.066,1.023],[0,0],[0.32,0.252],[0,0],[-0.993,0.253],[0,0],[-0.141,0.382],[0,0]],"o":[[0,0],[0.217,0.344],[0,0],[1.024,0.04],[0,0],[-0.26,0.313],[0,0],[0.278,0.987],[0,0],[-0.378,-0.151],[0,0],[-0.852,0.57],[0,0],[0.026,-0.406],[0,0],[-0.805,-0.634],[0,0],[0.394,-0.101],[0,0],[0.355,-0.962]],"v":[[44.318,-9.127],[47.691,-3.792],[48.688,-3.217],[54.995,-2.97],[55.898,-0.944],[51.866,3.912],[51.627,5.038],[53.341,11.112],[51.693,12.597],[45.829,10.263],[44.684,10.384],[39.437,13.891],[37.516,12.783],[37.924,6.485],[37.455,5.433],[32.498,1.527],[32.958,-0.643],[39.074,-2.201],[39.929,-2.972],[42.113,-8.894]],"c":true},"ix":2},"nm":"Path 1","mn":"ADBE Vector Shape - Group","hd":false},{"ty":"fl","c":{"a":0,"k":[1,1,1,1],"ix":4},"o":{"a":0,"k":100,"ix":5},"r":1,"bm":0,"nm":"Fill 1","mn":"ADBE Vector Graphic - Fill","hd":false},{"ty":"tr","p":{"a":0,"k":[44.105,2.2],"ix":2},"a":{"a":0,"k":[44.105,2.2],"ix":1},"s":{"a":0,"k":[100,100],"ix":3},"r":{"a":1,"k":[{"i":{"x":[0.667],"y":[1]},"o":{"x":[0.333],"y":[0]},"t":0,"s":[0]},{"i":{"x":[0.667],"y":[1]},"o":{"x":[0.333],"y":[0]},"t":14,"s":[360]},{"i":{"x":[0.667],"y":[1]},"o":{"x":[0.333],"y":[0]},"t":35,"s":[0]},{"t":49,"s":[360]}],"ix":6,"x":"var $bm_rt;\nvar fx = effect('Kleaner 2');\nvar doAnticipation = fx(1).value;\nvar doInterpolation = fx(2).value;\nvar doFollowThrough = fx(3).value;\nvar damping = $bm_div(fx(15).value, 10);\nvar elasticity = $bm_div(fx(13).value, 10);\nvar bounce = fx(17).value;\nvar anticipationDuration = fx(5).value;\nvar anticipationQuantity = $bm_div(fx(6).value, 100);\nvar slowIn = $bm_div(fx(9).value, 100);\nvar slowOut = $bm_div(fx(10).value, 100);\nvar spatialMode = fx(21).value;\nvar spatialDoInterpolation = fx(20).value;\nvar moBlurPrecision = fx(32).value;\nvar elasticityRandom = fx(14).value;\nvar dampingRandom = fx(16).value;\nvar softBody = fx(28).value;\nvar flexibility = $bm_div(fx(29).value, 100);\nvar doOverlap = fx(23).value;\nvar overlapDuration = fx(24).value;\nvar overlapRandom = fx(25).value;\nvar threshold = $bm_div($bm_div(1, moBlurPrecision), 1000);\nvar zeroValue;\nif ($bm_isInstanceOfArray(value)) {\n    if (value.length == 2)\n        zeroValue = [\n            0,\n            0\n        ];\n    else if (value.length == 3)\n        zeroValue = [\n            0,\n            0,\n            0\n        ];\n    else if (value.length == 4)\n        zeroValue = [\n            0,\n            0,\n            0,\n            0\n        ];\n} else\n    zeroValue = 0;\nvar isThisSpatial = isSpatial(thisProperty);\nvar isThisPosition = thisProperty === $bm_transform.position;\nvar simulate = false;\nif (isThisSpatial) {\n    doInterpolation = doInterpolation && spatialDoInterpolation;\n    if (isThisPosition && thisProperty.numKeys > 0) {\n        doOverlap = false;\n        simulate = false;\n    } else {\n        simulate = spatialMode == 2;\n        doOverlap = overlapDuration != 0 && doOverlap && simulate;\n    }\n} else {\n    doOverlap = false;\n}\nif (!doOverlap) {\n    overlapDuration = 0;\n}\nif (simulate && softBody && isThisSpatial && !isThisPosition && (doFollowThrough || doOverlap)) {\n    var distanceRatio = $bm_div(length(valueAtTime(0), $bm_transform.anchorPoint), $bm_div(thisLayer.width, 2));\n    distanceRatio = $bm_div($bm_sum(1, $bm_mul(distanceRatio, flexibility)), 2);\n    if (doFollowThrough) {\n        elasticity = $bm_div(elasticity, distanceRatio);\n        damping = $bm_div(damping, distanceRatio);\n    }\n    if (doOverlap) {\n        overlapDuration = $bm_mul(overlapDuration, distanceRatio);\n    }\n}\nseedRandom(0, true);\nif (doFollowThrough) {\n    if (elasticityRandom > 0)\n        elasticity = addNoise(elasticity, elasticityRandom);\n    if (dampingRandom > 0)\n        damping = addNoise(damping, dampingRandom);\n}\nif (doOverlap) {\n    if (doOverlap && overlapRandom > 0)\n        overlapDuration = addNoise(overlapDuration, overlapRandom);\n}\nvar result = value;\nfunction isSpatial(prop) {\n    if (!(prop.value instanceof Array))\n        return false;\n    if (prop.value.length != 2 && prop.value.length != 3)\n        return false;\n    try {\n        if (typeof prop.speed !== 'undefined')\n            return true;\n    } catch (e) {\n        return false;\n    }\n}\nfunction addNoise(val, quantity) {\n    var randomValue = random(0.9, 1.1);\n    var noiseValue = noise($bm_mul(valueAtTime(0), randomValue));\n    noiseValue = $bm_mul(noiseValue, $bm_div(quantity, 100));\n    return $bm_mul(val, $bm_sum(noiseValue, 1));\n}\nfunction isAfterLastKey() {\n    if (numKeys == 0)\n        return false;\n    var nKey = nearestKey(time);\n    return nKey.time <= time && nKey.index == numKeys;\n}\nfunction isStill(t, threshold) {\n    var d = $bm_sub(valueAtTime(t), valueAtTime($bm_sum(t, framesToTime(1))));\n    if ($bm_isInstanceOfArray(d)) {\n        for (var i = 0; i < d.length; i++) {\n            d[i] = Math.abs(d[i]);\n            if (d[i] >= threshold) {\n                return false;\n            }\n        }\n        return true;\n    } else {\n        d = Math.abs(d);\n        return d < threshold;\n    }\n}\nfunction bezierInterpolation(t, tMin, tMax, value1, value2, bezierPoints) {\n    if (arguments.length !== 5 && arguments.length !== 6)\n        return t;\n    var a = $bm_sub(value2, value1);\n    var b = $bm_sub(tMax, tMin);\n    if (b == 0)\n        return t;\n    var c = clamp($bm_div($bm_sub(t, tMin), b), 0, 1);\n    if (!(bezierPoints instanceof Array) || bezierPoints.length !== 4)\n        bezierPoints = [\n            0.33,\n            0,\n            0.66,\n            1\n        ];\n    return $bm_sum($bm_mul(a, h(c, bezierPoints)), value1);\n    function h(f, g) {\n        var x = $bm_mul(3, g[0]);\n        var j = $bm_sub($bm_mul(3, $bm_sub(g[2], g[0])), x);\n        var k = $bm_sub($bm_sub(1, x), j);\n        var l = $bm_mul(3, g[1]);\n        var m = $bm_sub($bm_mul(3, $bm_sub(g[3], g[1])), l);\n        var n = $bm_sub($bm_sub(1, l), m);\n        var d = f;\n        for (var i = 0; i < 5; i++) {\n            var z = $bm_sub($bm_mul(d, $bm_sum(x, $bm_mul(d, $bm_sum(j, $bm_mul(d, k))))), f);\n            if (Math.abs(z) < 0.001)\n                break;\n            d = $bm_sub(d, $bm_div(z, $bm_sum(x, $bm_mul(d, $bm_sum($bm_mul(2, j), $bm_mul($bm_mul(3, k), d))))));\n        }\n        return $bm_mul(d, $bm_sum(l, $bm_mul(d, $bm_sum(m, $bm_mul(d, n)))));\n    }\n}\nfunction getPropWorldSpeed(t, prop) {\n    return length(getPropWorldVelocity(t, prop));\n}\nfunction getPrevKey(t) {\n    if (numKeys == 0)\n        return null;\n    var nKey = nearestKey(t);\n    if (nKey.time <= t)\n        return nKey;\n    if (nKey.index > 1)\n        return key($bm_sub(nKey.index, 1));\n    return null;\n}\nfunction getNextKey(t) {\n    if (numKeys == 0)\n        return null;\n    var nKey = nearestKey(t);\n    if (nKey.time >= t)\n        return nKey;\n    if (nKey.index < numKeys)\n        return key($bm_sum(nKey.index, 1));\n    return null;\n}\nfunction getPropWorldVelocity(t, prop) {\n    return $bm_mul($bm_sub(getPropWorldValue($bm_sum(t, 0.005), prop), getPropWorldValue($bm_sub(t, 0.005), prop)), 100);\n}\nfunction getLayerWorldPos(t, l) {\n    return l.toWorld(l.anchorPoint, t);\n}\nfunction getPropWorldValue(t, prop) {\n    if (isPosition(prop))\n        return getLayerWorldPos(t, thisLayer);\n    return thisLayer.toWorld(prop.valueAtTime(t), t);\n}\nfunction isPosition(prop) {\n    return prop === $bm_transform.position;\n}\nfunction isKeyTop(k, axis) {\n    var prevSpeed = velocityAtTime($bm_sub(k.time, threshold));\n    var nextSpeed = velocityAtTime($bm_sum(k.time, threshold));\n    if ($bm_isInstanceOfArray(value)) {\n        prevSpeed = prevSpeed[axis];\n        nextSpeed = nextSpeed[axis];\n    }\n    if (Math.abs(prevSpeed) < 0.01 || Math.abs(nextSpeed) < 0.01)\n        return true;\n    return $bm_mul(prevSpeed, nextSpeed) < 0;\n}\nfunction anticipate() {\n    var anticipation = zeroValue;\n    if (isAfterLastKey())\n        return anticipation;\n    if (numKeys < 2)\n        return anticipation;\n    var nextKey = getNextKey(time);\n    var aKey = nextKey;\n    if (!isStill(aKey.time - 0.1, 0.1)) {\n        aKey = getPrevKey(time);\n        if (!isStill(aKey.time - 0.1, 0.1))\n            return anticipation;\n    }\n    if (aKey.index == numKeys)\n        return anticipation;\n    var anticipationMiddle = aKey.time;\n    var anticipationStart = $bm_sub(anticipationMiddle, anticipationDuration);\n    var anticipationEnd = key(aKey.index + 1).time;\n    var startValue = anticipation;\n    var midValue = $bm_mul($bm_sum($bm_neg(valueAtTime($bm_sum(anticipationMiddle, anticipationDuration))), aKey.value), anticipationQuantity);\n    var endValue = anticipation;\n    if (time < anticipationStart) {\n        return anticipation;\n    } else if (time < anticipationMiddle) {\n        if ($bm_isInstanceOfArray(value)) {\n            for (var i = 0; i < value.length; i++) {\n                anticipation[i] = bezierInterpolation(time, anticipationStart, anticipationMiddle, startValue[i], midValue[i], [\n                    slowOut,\n                    0,\n                    slowIn,\n                    1\n                ]);\n            }\n            return anticipation;\n        } else {\n            return bezierInterpolation(time, anticipationStart, anticipationMiddle, startValue, midValue, [\n                slowOut,\n                0,\n                slowIn,\n                1\n            ]);\n        }\n    } else if (time <= anticipationEnd) {\n        if ($bm_isInstanceOfArray(value)) {\n            for (var i = 0; i < value.length; i++) {\n                anticipation[i] = bezierInterpolation(time, anticipationMiddle, anticipationEnd, midValue[i], endValue[i], [\n                    slowOut,\n                    0,\n                    slowIn,\n                    1\n                ]);\n            }\n            return anticipation;\n        } else {\n            return bezierInterpolation(time, anticipationMiddle, anticipationEnd, midValue, endValue, [\n                slowOut,\n                0,\n                slowIn,\n                1\n            ]);\n        }\n    } else {\n        return anticipation;\n    }\n}\nfunction followThroughAtTime(t) {\n    var fThrough = zeroValue;\n    if (elasticity == 0)\n        return fThrough;\n    var propSpeed;\n    if (!simulate) {\n        if (numKeys < 2)\n            return fThrough;\n        if (nearestKey(t).index == 1)\n            return fThrough;\n        propSpeed = length(velocityAtTime(t));\n        if (propSpeed >= threshold)\n            return fThrough;\n    } else {\n        propSpeed = getPropWorldSpeed(t, thisProperty);\n        if (propSpeed >= threshold)\n            return fThrough;\n    }\n    var fThroughStart = 0;\n    var fThroughTime = 0;\n    if (simulate) {\n        var speedI = getPropWorldSpeed(t, thisProperty);\n        var i = t;\n        while (speedI < threshold && i > 0) {\n            i = $bm_sub(i, $bm_div(thisComp.frameDuration, moBlurPrecision));\n            speedI = getPropWorldSpeed(i, thisProperty);\n        }\n        fThroughStart = i;\n    } else {\n        var fThroughKey = getPrevKey(t);\n        fThroughStart = fThroughKey.time;\n    }\n    if (fThroughStart == 0)\n        return fThrough;\n    fThroughTime = $bm_sub(t, fThroughStart);\n    if (simulate)\n        fThrough = $bm_div(getPropWorldVelocity($bm_sub(fThroughStart, thisComp.frameDuration), thisProperty), 2);\n    else\n        fThrough = $bm_div(velocityAtTime($bm_sub(fThroughStart, thisComp.frameDuration)), 2);\n    if (bounce) {\n        var cycleDamp = Math.exp($bm_mul($bm_mul(fThroughTime, damping), 0.1));\n        var damp = $bm_div(Math.exp($bm_mul(fThroughTime, damping)), $bm_div(elasticity, 2));\n        var cycleDuration = $bm_div(1, $bm_mul(elasticity, 2));\n        cycleDuration = Math.round(timeToFrames(cycleDuration));\n        cycleDuration = framesToTime(cycleDuration);\n        var midDuration = $bm_div(cycleDuration, 2);\n        var maxValue = $bm_mul(fThrough, midDuration);\n        var cycvarime = fThroughTime;\n        var numEndCycles = 1;\n        while (cycvarime > cycleDuration) {\n            cycvarime = $bm_sub(cycvarime, cycleDuration);\n            cycleDuration = $bm_div(cycleDuration, cycleDamp);\n            cycleDuration = Math.round(timeToFrames(cycleDuration));\n            if (cycleDuration < 2) {\n                cycleDuration = 2;\n                numEndCycles++;\n            }\n            cycleDuration = framesToTime(cycleDuration);\n            midDuration = $bm_div(cycleDuration, 2);\n            maxValue = $bm_div($bm_mul(fThrough, midDuration), damp);\n            if (numEndCycles > 100 / damping && maxValue < threshold)\n                return zeroValue;\n        }\n        if (cycvarime < midDuration)\n            fThrough = bezierInterpolation(cycvarime, 0, midDuration, 0, maxValue, [\n                0,\n                0.1,\n                slowIn,\n                1\n            ]);\n        else\n            fThrough = bezierInterpolation(cycvarime, midDuration, cycleDuration, maxValue, 0, [\n                $bm_sub(1, slowIn),\n                0,\n                1,\n                0.9\n            ]);\n    } else {\n        var damp = Math.exp($bm_mul(fThroughTime, damping));\n        var sinus = $bm_mul($bm_mul($bm_mul(elasticity, fThroughTime), 2), Math.PI);\n        sinus = Math.sin(sinus);\n        sinus = $bm_mul($bm_div(0.3, elasticity), sinus);\n        sinus = $bm_div(sinus, damp);\n        if (Math.abs(sinus) < $bm_div(threshold, 100))\n            return 0;\n        fThrough = $bm_mul(fThrough, sinus);\n        if (threshold > 0) {\n            fThrough = $bm_mul(fThrough, $bm_sub(1, $bm_div(propSpeed, threshold)));\n        }\n    }\n    if (bounce) {\n        var prevValue = valueAtTime($bm_sub(fThroughStart, thisComp.frameDuration));\n        var startValue = valueAtTime(fThroughStart);\n        if ($bm_isInstanceOfArray(value)) {\n            for (var i = 0; i < prevValue.length; i++) {\n                if (prevValue[i] > startValue[i])\n                    fThrough[i] = Math.abs(fThrough[i]);\n                if (prevValue[i] < startValue[i])\n                    fThrough[i] = $bm_neg(Math.abs(fThrough[i]));\n            }\n        } else {\n            if (prevValue > startValue)\n                fThrough = Math.abs(fThrough);\n            if (prevValue < startValue)\n                fThrough = $bm_neg(Math.abs(fThrough));\n        }\n    }\n    if (simulate) {\n        if (!isThisPosition) {\n            fThrough = $bm_sum(fThrough, getLayerWorldPos(time, thisLayer));\n            fThrough = $bm_sub(thisLayer.fromWorld(fThrough), thisLayer.anchorPoint);\n        } else if (thisLayer.hasParent) {\n            fThrough = $bm_sum(fThrough, getLayerWorldPos(time, thisLayer.parent));\n            fThrough = $bm_sub(thisLayer.parent.fromWorld(fThrough), thisLayer.parent.anchorPoint);\n        }\n    }\n    return fThrough;\n}\nfunction followThrough() {\n    var propSpeed = length(velocity);\n    if (propSpeed < threshold)\n        return followThroughAtTime($bm_sub(time, overlapDuration));\n    var fThrough = zeroValue;\n    var t = time;\n    while (t > 0) {\n        t = $bm_sub(t, thisComp.frameDuration);\n        if (simulate)\n            propSpeed = getPropWorldSpeed($bm_sub(t, overlapDuration), thisProperty);\n        else\n            propSpeed = length(velocityAtTime(t));\n        if (propSpeed < threshold) {\n            fThrough = followThroughAtTime($bm_sub(t, overlapDuration));\n            break;\n        }\n    }\n    return linear(time, t, $bm_sum(t, $bm_mul(anticipationDuration, 2)), fThrough, zeroValue);\n}\nfunction smartSmooth(axis) {\n    var startKey = nearestKey(time);\n    var endKey = startKey;\n    if (time == startKey.time)\n        return 0;\n    if (time < startKey.time && startKey.index == 1)\n        return 0;\n    if (time > startKey.time && startKey.index == numKeys)\n        return 0;\n    if (time < startKey.time)\n        startKey = key($bm_sub(startKey.index, 1));\n    if (time > startKey.time)\n        endKey = key($bm_sum(startKey.index, 1));\n    var sI = 0.66;\n    var sO = 0.33;\n    var sIV = 1;\n    var sOV = 0;\n    var sVal = startKey.value;\n    var eVal = endKey.value;\n    if ($bm_isInstanceOfArray(value)) {\n        sVal = sVal[axis];\n        eVal = eVal[axis];\n    }\n    var sTime = startKey.time;\n    var eTime = endKey.time;\n    if (isKeyTop(startKey, axis))\n        sO = slowOut;\n    else {\n        var prevKey = key($bm_sub(startKey.index, 1));\n        var pVal = prevKey.value;\n        if ($bm_isInstanceOfArray(value))\n            pVal = pVal[axis];\n        sOV = $bm_div($bm_sub(sVal, pVal), $bm_sub(eVal, pVal));\n    }\n    if (isKeyTop(endKey, axis)) {\n        sI = slowIn;\n        if (endKey.index != numKeys) {\n            var nextKey = key($bm_sum(endKey.index, 1));\n            var nVal = nextKey.value;\n            if ($bm_isInstanceOfArray(value))\n                nVal = nVal[axis];\n            if (Math.abs(nVal - eVal) < 0.01 && doFollowThrough)\n                sI = 1;\n        }\n    } else {\n        var nextKey = key($bm_sum(endKey.index, 1));\n        var nVal = nextKey.value;\n        if ($bm_isInstanceOfArray(value))\n            nVal = nVal[axis];\n        sIV = $bm_div($bm_sub(eVal, sVal), $bm_sub(nVal, sVal));\n    }\n    if (endKey.index == numKeys && doFollowThrough) {\n        sI = 1;\n    }\n    var val = value;\n    if ($bm_isInstanceOfArray(value))\n        val = val[axis];\n    return $bm_sub(bezierInterpolation(time, sTime, eTime, sVal, eVal, [\n        sO,\n        sOV,\n        sI,\n        sIV\n    ]), val);\n}\nfunction overlap() {\n    var ol = zeroValue;\n    if (isThisPosition && !hasParent)\n        return zeroValue;\n    ol = $bm_sub(getPropWorldValue($bm_sub(time, overlapDuration), thisProperty), getPropWorldValue(time, thisProperty));\n    var motionRatio = $bm_div($bm_div(length(zeroValue, ol), thisLayer.width), 2);\n    if (isThisPosition) {\n        var originalDistance = length(valueAtTime(0));\n        motionRatio = $bm_div(length(zeroValue, ol), thisComp.width);\n    }\n    ol = $bm_sum(ol, getPropWorldValue(time, thisProperty));\n    ol = $bm_sum(ol, $bm_mul($bm_mul($bm_sub(getPropWorldValue($bm_sub(time, overlapDuration), thisLayer.anchorPoint), ol), motionRatio), flexibility));\n    ol = thisLayer.fromWorld(ol);\n    if (!isThisPosition)\n        ol = $bm_sub(ol, value);\n    else {\n        ol = linear(flexibility, 0, 100, $bm_div(ol, 2), 0);\n        var prevParentWorldPos = getLayerWorldPos($bm_sub(time, overlapDuration), parent);\n        ol = $bm_sum(ol, $bm_mul($bm_mul($bm_mul(thisLayer.fromWorld(prevParentWorldPos), motionRatio), flexibility), 5));\n    }\n    return ol;\n}\nvar okToGo = false;\nif (simulate && fx.enabled)\n    okToGo = true;\nelse if (numKeys > 1 && fx.enabled)\n    okToGo = true;\nif (okToGo) {\n    var smartSmoothResult = zeroValue;\n    if (doInterpolation) {\n        if ($bm_isInstanceOfArray(value)) {\n            if (value.length == 2)\n                smartSmoothResult = [\n                    smartSmooth(0),\n                    smartSmooth(1)\n                ];\n            else if (value.length == 3)\n                smartSmoothResult = [\n                    smartSmooth(0),\n                    smartSmooth(1),\n                    smartSmooth(2)\n                ];\n            else if (value.length == 4)\n                smartSmoothResult = [\n                    smartSmooth(0),\n                    smartSmooth(1),\n                    smartSmooth(2),\n                    smartSmooth(3)\n                ];\n        } else {\n            smartSmoothResult = smartSmooth(0);\n        }\n    }\n    if (doAnticipation)\n        result = $bm_sum(result, anticipate());\n    result = $bm_sum(result, smartSmoothResult);\n    if (doFollowThrough)\n        result = $bm_sum(result, followThrough());\n    if (doOverlap)\n        result = $bm_sum(result, overlap());\n}\n$bm_rt = result;"},"o":{"a":0,"k":100,"ix":7},"sk":{"a":0,"k":0,"ix":4},"sa":{"a":0,"k":0,"ix":5},"nm":"Transform"}],"nm":"Group 10","np":2,"cix":2,"bm":0,"ix":1,"mn":"ADBE Vector Group","hd":false},{"ty":"gr","it":[{"ind":0,"ty":"sh","ix":1,"ks":{"a":0,"k":{"i":[[0,0],[-1.483,-17.128],[-2.222,-4.343],[-4.865,-0.358]],"o":[[-3.842,16.758],[0.421,4.86],[2.222,4.343],[0,0]],"v":[[19.337,-25.387],[16.402,25.897],[19.665,40.066],[30.895,48.425]],"c":false},"ix":2},"nm":"Path 1","mn":"ADBE Vector Shape - Group","hd":false},{"ty":"st","c":{"a":0,"k":[0,0,0,1],"ix":3},"o":{"a":0,"k":100,"ix":4},"w":{"a":0,"k":0.8,"ix":5},"lc":2,"lj":2,"bm":0,"nm":"Stroke 1","mn":"ADBE Vector Graphic - Stroke","hd":false},{"ty":"tr","p":{"a":0,"k":[0,0],"ix":2},"a":{"a":0,"k":[0,0],"ix":1},"s":{"a":0,"k":[100,100],"ix":3},"r":{"a":0,"k":0,"ix":6},"o":{"a":0,"k":100,"ix":7},"sk":{"a":0,"k":0,"ix":4},"sa":{"a":0,"k":0,"ix":5},"nm":"Transform"}],"nm":"Group 2","np":2,"cix":2,"bm":0,"ix":2,"mn":"ADBE Vector Group","hd":false},{"ty":"gr","it":[{"ty":"gr","it":[{"ind":0,"ty":"sh","ix":1,"ks":{"a":0,"k":{"i":[[0,0],[-0.828,-3.335]],"o":[[0.828,3.335],[0,0]],"v":[[14.593,-62.616],[17.076,-52.61]],"c":false},"ix":2},"nm":"Path 1","mn":"ADBE Vector Shape - Group","hd":false},{"ty":"st","c":{"a":0,"k":[0,0,0,1],"ix":3},"o":{"a":0,"k":100,"ix":4},"w":{"a":0,"k":0.8,"ix":5},"lc":2,"lj":2,"bm":0,"nm":"Stroke 1","mn":"ADBE Vector Graphic - Stroke","hd":false},{"ty":"tr","p":{"a":0,"k":[0,0],"ix":2},"a":{"a":0,"k":[0,0],"ix":1},"s":{"a":0,"k":[100,100],"ix":3},"r":{"a":0,"k":0,"ix":6},"o":{"a":0,"k":100,"ix":7},"sk":{"a":0,"k":0,"ix":4},"sa":{"a":0,"k":0,"ix":5},"nm":"Transform"}],"nm":"Group 1","np":2,"cix":2,"bm":0,"ix":1,"mn":"ADBE Vector Group","hd":false},{"ty":"gr","it":[{"ind":0,"ty":"sh","ix":1,"ks":{"a":0,"k":{"i":[[0,0],[-3.13,-0.557]],"o":[[3.13,0.557],[0,0]],"v":[[1.384,-46.715],[10.775,-45.046]],"c":false},"ix":2},"nm":"Path 1","mn":"ADBE Vector Shape - Group","hd":false},{"ty":"st","c":{"a":0,"k":[0,0,0,1],"ix":3},"o":{"a":0,"k":100,"ix":4},"w":{"a":0,"k":0.8,"ix":5},"lc":2,"lj":2,"bm":0,"nm":"Stroke 1","mn":"ADBE Vector Graphic - Stroke","hd":false},{"ty":"tr","p":{"a":0,"k":[0,0],"ix":2},"a":{"a":0,"k":[0,0],"ix":1},"s":{"a":0,"k":[100,100],"ix":3},"r":{"a":0,"k":0,"ix":6},"o":{"a":0,"k":100,"ix":7},"sk":{"a":0,"k":0,"ix":4},"sa":{"a":0,"k":0,"ix":5},"nm":"Transform"}],"nm":"Group 2","np":2,"cix":2,"bm":0,"ix":2,"mn":"ADBE Vector Group","hd":false},{"ty":"gr","it":[{"ind":0,"ty":"sh","ix":1,"ks":{"a":0,"k":{"i":[[0,0],[-3.182,-3.148]],"o":[[3.182,3.148],[0,0]],"v":[[3.845,-58.679],[13.391,-49.233]],"c":false},"ix":2},"nm":"Path 1","mn":"ADBE Vector Shape - Group","hd":false},{"ty":"st","c":{"a":0,"k":[0,0,0,1],"ix":3},"o":{"a":0,"k":100,"ix":4},"w":{"a":0,"k":0.8,"ix":5},"lc":2,"lj":2,"bm":0,"nm":"Stroke 1","mn":"ADBE Vector Graphic - Stroke","hd":false},{"ty":"tr","p":{"a":0,"k":[0,0],"ix":2},"a":{"a":0,"k":[0,0],"ix":1},"s":{"a":0,"k":[100,100],"ix":3},"r":{"a":0,"k":0,"ix":6},"o":{"a":0,"k":100,"ix":7},"sk":{"a":0,"k":0,"ix":4},"sa":{"a":0,"k":0,"ix":5},"nm":"Transform"}],"nm":"Group 3","np":2,"cix":2,"bm":0,"ix":3,"mn":"ADBE Vector Group","hd":false},{"ty":"tr","p":{"a":0,"k":[0,0],"ix":2},"a":{"a":0,"k":[0,0],"ix":1},"s":{"a":0,"k":[100,100],"ix":3},"r":{"a":0,"k":0,"ix":6},"o":{"a":1,"k":[{"i":{"x":[0.833],"y":[0.833]},"o":{"x":[0.167],"y":[0.167]},"t":10,"s":[0]},{"i":{"x":[0.833],"y":[0.833]},"o":{"x":[0.167],"y":[0.167]},"t":15,"s":[100]},{"i":{"x":[0.833],"y":[0.833]},"o":{"x":[0.167],"y":[0.167]},"t":20,"s":[0]},{"i":{"x":[0.833],"y":[0.833]},"o":{"x":[0.167],"y":[0.167]},"t":25,"s":[100]},{"i":{"x":[0.833],"y":[0.833]},"o":{"x":[0.167],"y":[0.167]},"t":30,"s":[0]},{"i":{"x":[0.833],"y":[0.833]},"o":{"x":[0.167],"y":[0.167]},"t":35,"s":[100]},{"i":{"x":[0.833],"y":[0.833]},"o":{"x":[0.167],"y":[0.167]},"t":40,"s":[0]},{"i":{"x":[0.833],"y":[0.833]},"o":{"x":[0.167],"y":[0.167]},"t":45,"s":[100]},{"t":50,"s":[0]}],"ix":7},"sk":{"a":0,"k":0,"ix":4},"sa":{"a":0,"k":0,"ix":5},"nm":"Transform"}],"nm":"Group 3","np":3,"cix":2,"bm":0,"ix":3,"mn":"ADBE Vector Group","hd":false},{"ty":"gr","it":[{"ind":0,"ty":"sh","ix":1,"ks":{"a":0,"k":{"i":[[0.576,1.4],[2.843,1.401],[1.441,0.63],[1.485,0.581],[1.511,0.534],[1.518,0.487],[1.506,0.442],[1.476,0.398],[1.427,0.355],[1.36,0.313],[1.273,0.273],[1.168,0.234],[1.044,0.196],[2.004,-2.932],[0.515,-1.951],[0.196,-0.784],[0.204,-0.863],[0.206,-0.935],[0.204,-1],[0.198,-1.059],[0.187,-1.112],[0.171,-1.157],[0.15,-1.197],[0.125,-1.229],[0.095,-1.255],[0.06,-1.274],[0.021,-1.287],[-0.023,-1.292],[-0.072,-1.291],[-0.125,-1.283],[-0.183,-1.269],[-0.246,-1.247],[-0.313,-1.218],[-0.385,-1.182],[-0.461,-1.139],[-0.542,-1.088],[-0.376,-0.666],[-0.783,-0.253],[0,0],[-0.727,0.338],[-0.8,0.435],[-0.778,0.485],[-0.756,0.531],[-0.734,0.574],[-0.713,0.614],[-0.692,0.65],[-0.671,0.683],[-0.65,0.713],[-0.628,0.739],[-0.607,0.762],[-0.586,0.781],[-0.565,0.798],[-0.544,0.81],[-0.523,0.82],[-0.502,0.826],[-0.481,0.828],[-0.459,0.828],[-0.438,0.823],[-0.417,0.816],[-0.395,0.804],[-0.374,0.79],[-0.352,0.772],[-0.331,0.75],[-0.309,0.725],[-0.288,0.697],[-0.266,0.665],[-0.244,0.629],[-0.223,0.59],[-0.201,0.548],[-0.179,0.502]],"o":[[-0.981,-2.384],[-1.411,-0.695],[-1.462,-0.639],[-1.492,-0.584],[-1.503,-0.531],[-1.495,-0.48],[-1.467,-0.431],[-1.42,-0.383],[-1.354,-0.337],[-1.269,-0.292],[-1.165,-0.25],[-1.041,-0.208],[-2.948,-0.553],[-1.153,1.687],[-0.206,0.782],[-0.215,0.86],[-0.22,0.932],[-0.22,0.997],[-0.216,1.056],[-0.207,1.108],[-0.194,1.154],[-0.176,1.193],[-0.154,1.226],[-0.127,1.252],[-0.096,1.272],[-0.061,1.285],[-0.021,1.292],[0.023,1.293],[0.071,1.287],[0.124,1.276],[0.182,1.258],[0.243,1.234],[0.31,1.204],[0.381,1.168],[0.456,1.127],[0.341,0.685],[0.406,0.719],[0,0],[0.753,0.243],[0.826,-0.384],[0.805,-0.438],[0.784,-0.489],[0.763,-0.536],[0.741,-0.579],[0.719,-0.619],[0.697,-0.655],[0.675,-0.688],[0.653,-0.717],[0.631,-0.742],[0.609,-0.764],[0.587,-0.782],[0.564,-0.796],[0.542,-0.807],[0.52,-0.815],[0.497,-0.818],[0.475,-0.819],[0.453,-0.815],[0.43,-0.808],[0.408,-0.798],[0.385,-0.784],[0.363,-0.767],[0.341,-0.746],[0.318,-0.721],[0.296,-0.693],[0.273,-0.662],[0.251,-0.627],[0.228,-0.588],[0.206,-0.546],[0.184,-0.501],[0.726,-2.037]],"v":[[82.863,-17.316],[76.523,-22.719],[72.242,-24.705],[67.82,-26.533],[63.315,-28.209],[58.783,-29.735],[54.281,-31.118],[49.866,-32.36],[45.595,-33.466],[41.525,-34.441],[37.712,-35.289],[34.213,-36.013],[31.085,-36.619],[23.106,-35.248],[20.898,-29.72],[20.294,-27.371],[19.665,-24.786],[19.026,-21.986],[18.389,-18.99],[17.768,-15.817],[17.178,-12.488],[16.631,-9.021],[16.142,-5.437],[15.723,-1.755],[15.389,2.005],[15.153,5.824],[15.029,9.682],[15.03,13.559],[15.17,17.435],[15.463,21.292],[15.923,25.11],[16.562,28.868],[17.395,32.547],[18.435,36.127],[19.696,39.59],[21.192,42.915],[22.267,44.941],[24.107,46.46],[35.565,50.163],[37.865,50.036],[40.303,48.807],[42.677,47.422],[44.987,45.891],[47.233,44.225],[49.414,42.434],[51.53,40.53],[53.582,38.521],[55.569,36.42],[57.492,34.235],[59.349,31.979],[61.142,29.66],[62.869,27.291],[64.532,24.88],[66.129,22.439],[67.662,19.978],[69.128,17.508],[70.53,15.038],[71.866,12.58],[73.136,10.144],[74.341,7.74],[75.48,5.379],[76.553,3.071],[77.56,0.827],[78.502,-1.342],[79.377,-3.427],[80.186,-5.417],[80.929,-7.301],[81.606,-9.07],[82.216,-10.711],[82.76,-12.216]],"c":true},"ix":2},"nm":"Path 1","mn":"ADBE Vector Shape - Group","hd":false},{"ty":"fl","c":{"a":0,"k":[1,0.3961,0.0667,1],"ix":4},"o":{"a":0,"k":100,"ix":5},"r":1,"bm":0,"nm":"Fill 1","mn":"ADBE Vector Graphic - Fill","hd":false},{"ty":"tr","p":{"a":0,"k":[0,0],"ix":2},"a":{"a":0,"k":[0,0],"ix":1},"s":{"a":0,"k":[100,100],"ix":3},"r":{"a":0,"k":0,"ix":6},"o":{"a":0,"k":100,"ix":7},"sk":{"a":0,"k":0,"ix":4},"sa":{"a":0,"k":0,"ix":5},"nm":"Transform"}],"nm":"Group 4","np":2,"cix":2,"bm":0,"ix":4,"mn":"ADBE Vector Group","hd":false},{"ty":"gr","it":[{"ind":0,"ty":"sh","ix":1,"ks":{"a":0,"k":{"i":[[0.099,2.887],[2.309,9.08],[-0.331,2.805],[-2.273,1.658],[-2.579,-1.179],[-1.423,-2.882],[-0.575,0.269],[-0.057,0.314],[0.062,0.313],[4.658,1.902],[3.051,-2.425],[0.296,-3.883],[-1.115,-3.736],[-8.836,-9.407]],"o":[[-6.126,-7.083],[-0.697,-2.741],[0.331,-2.805],[2.285,-1.666],[3.195,1.461],[0.281,0.569],[0.289,-0.135],[0.057,-0.314],[-1.004,-5.092],[-3.617,-1.477],[-3.036,2.413],[-0.296,3.883],[3.694,12.375],[-0.762,-3.957]],"v":[[14.833,15.435],[1.508,-9.062],[0.634,-17.45],[4.5,-24.703],[12.556,-25.509],[18.146,-18.111],[19.652,-17.293],[20.178,-18.05],[20.124,-19],[10.732,-29.547],[-0.314,-27.977],[-5.227,-17.765],[-3.549,-6.261],[16.335,26.04]],"c":true},"ix":2},"nm":"Path 1","mn":"ADBE Vector Shape - Group","hd":false},{"ty":"fl","c":{"a":0,"k":[1,0.3961,0.0667,1],"ix":4},"o":{"a":0,"k":100,"ix":5},"r":1,"bm":0,"nm":"Fill 1","mn":"ADBE Vector Graphic - Fill","hd":false},{"ty":"tr","p":{"a":0,"k":[0,0],"ix":2},"a":{"a":0,"k":[0,0],"ix":1},"s":{"a":0,"k":[100,100],"ix":3},"r":{"a":0,"k":0,"ix":6},"o":{"a":0,"k":100,"ix":7},"sk":{"a":0,"k":0,"ix":4},"sa":{"a":0,"k":0,"ix":5},"nm":"Transform"}],"nm":"Group 5","np":2,"cix":2,"bm":0,"ix":5,"mn":"ADBE Vector Group","hd":false},{"ty":"gr","it":[{"ind":0,"ty":"sh","ix":1,"ks":{"a":0,"k":{"i":[[-2.372,2.918],[-7.206,6.132],[-1.363,2.516],[0.912,2.723],[2.82,0.56],[1.54,-0.473],[0.68,-0.444],[-0.186,1.39],[-0.605,0.458],[-1.823,0.375],[-2.174,-0.526],[-1.108,-3.821],[2.021,-3.387],[3.102,-2.425],[12.793,-2.518]],"o":[[9.197,-2.21],[2.176,-1.851],[1.363,-2.516],[-0.917,-2.737],[-1.585,-0.315],[-0.775,0.238],[-0.366,0.239],[0.101,-0.752],[1.455,-1.102],[2.21,-0.455],[3.852,0.932],[1.102,3.802],[-2.021,3.387],[-10.274,8.032],[2.734,-2.732]],"v":[[62.644,27.917],[87,14.986],[92.615,8.572],[93.65,0.274],[87.461,-5.187],[82.649,-4.895],[80.442,-3.881],[78.7,-3.447],[79.95,-5.277],[84.617,-7.761],[91.324,-7.441],[99.54,0.433],[97.645,11.799],[89.546,20.311],[55.147,36.879]],"c":true},"ix":2},"nm":"Path 1","mn":"ADBE Vector Shape - Group","hd":false},{"ty":"fl","c":{"a":0,"k":[1,0.3961,0.0667,1],"ix":4},"o":{"a":0,"k":100,"ix":5},"r":1,"bm":0,"nm":"Fill 1","mn":"ADBE Vector Graphic - Fill","hd":false},{"ty":"tr","p":{"a":0,"k":[0,0],"ix":2},"a":{"a":0,"k":[0,0],"ix":1},"s":{"a":0,"k":[100,100],"ix":3},"r":{"a":0,"k":0,"ix":6},"o":{"a":0,"k":100,"ix":7},"sk":{"a":0,"k":0,"ix":4},"sa":{"a":0,"k":0,"ix":5},"nm":"Transform"}],"nm":"Group 6","np":2,"cix":2,"bm":0,"ix":6,"mn":"ADBE Vector Group","hd":false},{"ty":"gr","it":[{"ind":0,"ty":"sh","ix":1,"ks":{"a":0,"k":{"i":[[0.381,-0.648],[0.26,-0.621],[0.503,-1.691],[-0.161,-4.28],[-0.43,-2.099],[-0.303,-1.027],[0.954,-0.657],[0.363,-0.019],[0.781,0.183],[4.247,1.478],[1.792,1.276],[-0.7,0.928],[-0.661,0.68],[-1.919,4.601],[-0.515,2.415],[-0.142,1.255],[-0.628,0.666],[-0.543,0.114],[-3.288,-1.306],[-0.316,-0.56],[0.074,-0.501]],"o":[[-0.33,0.562],[-0.679,1.624],[-1.219,4.099],[0.08,2.14],[0.215,1.049],[0.255,0.863],[-0.311,0.214],[-0.8,0.041],[-4.376,-1.026],[-2.06,-0.717],[-0.749,-0.533],[0.568,-0.754],[3.477,-3.575],[0.951,-2.279],[0.263,-1.235],[0.1,-0.884],[0.381,-0.404],[3.463,-0.724],[0.598,0.237],[0.249,0.441],[-0.118,0.804]],"v":[[36.366,50.855],[35.419,52.59],[33.574,57.512],[31.981,70.196],[32.746,76.568],[33.523,79.684],[33.583,82.238],[32.553,82.426],[30.177,82.107],[17.23,78.347],[11.295,75.564],[10.299,73.576],[12.414,71.534],[20.582,59.109],[22.79,52.049],[23.4,48.311],[23.657,45.283],[25.144,44.594],[35.482,46.178],[37.032,47.26],[37.21,48.74]],"c":true},"ix":2},"nm":"Path 1","mn":"ADBE Vector Shape - Group","hd":false},{"ty":"st","c":{"a":0,"k":[0,0,0,1],"ix":3},"o":{"a":0,"k":100,"ix":4},"w":{"a":0,"k":0.8,"ix":5},"lc":2,"lj":2,"bm":0,"nm":"Stroke 1","mn":"ADBE Vector Graphic - Stroke","hd":false},{"ty":"fl","c":{"a":0,"k":[1,1,1,1],"ix":4},"o":{"a":0,"k":100,"ix":5},"r":1,"bm":0,"nm":"Fill 1","mn":"ADBE Vector Graphic - Fill","hd":false},{"ty":"tr","p":{"a":0,"k":[0,0],"ix":2},"a":{"a":0,"k":[0,0],"ix":1},"s":{"a":0,"k":[100,100],"ix":3},"r":{"a":0,"k":0,"ix":6},"o":{"a":0,"k":100,"ix":7},"sk":{"a":0,"k":0,"ix":4},"sa":{"a":0,"k":0,"ix":5},"nm":"Transform"}],"nm":"Group 7","np":3,"cix":2,"bm":0,"ix":7,"mn":"ADBE Vector Group","hd":false},{"ty":"gr","it":[{"ind":0,"ty":"sh","ix":1,"ks":{"a":0,"k":{"i":[[0,0],[2.997,-2.531],[2.144,-1.818],[0.695,-0.774],[0.587,0.099],[3.923,0.869],[7.9,2.943],[0.817,1.255],[1.345,2.064],[0,0],[-0.417,0.568],[-0.733,-0.553],[-1.525,-1.152],[-1.096,0.269],[-0.186,0.943],[-0.332,1.448],[-0.555,2.113],[-0.671,-1.468],[-2.744,-2.645],[-0.566,0.924],[-4.089,4.586],[0.222,-1.682],[-0.117,-7.088],[-1.078,-0.875],[-1.53,0.541],[-5.148,1.86],[0.86,-1.392],[1.221,-1.988],[-1.477,0.29],[-3.011,0.599],[-0.051,-1.006],[0.423,-0.343]],"o":[[-2.974,2.563],[-2.139,1.816],[-0.83,0.695],[-0.398,0.444],[-3.93,-0.665],[-8.215,-1.76],[-1.493,-0.555],[-1.346,-2.061],[0,0],[-0.387,-0.591],[0.544,-0.74],[1.525,1.152],[0.901,0.682],[0.937,-0.23],[0.285,-1.422],[0.483,-2.127],[0.406,-1.563],[1.586,3.473],[0.776,0.749],[3.218,-5.234],[1.129,-1.265],[-0.931,7.023],[0.045,1.415],[1.28,0.993],[5.144,-1.861],[1.538,-0.556],[-1.222,1.98],[-0.792,1.286],[3.009,-0.592],[1.017,-0.196],[0.011,0.558],[0,0]],"v":[[92.696,-35.451],[83.733,-27.828],[77.303,-22.347],[75.016,-20.131],[73.451,-19.572],[61.686,-21.841],[37.384,-28.758],[33.952,-33.359],[29.917,-39.545],[21.844,-51.913],[21.492,-53.859],[23.93,-53.536],[28.504,-50.077],[31.57,-48.944],[33.33,-51.035],[33.826,-55.27],[35.255,-61.651],[38.49,-61.975],[45.06,-52.679],[47.675,-53.075],[58.662,-67.836],[61.689,-66.487],[60.46,-45.28],[61.723,-41.398],[66.371,-41.453],[81.821,-47.036],[83.88,-44.512],[80.214,-38.56],[82.017,-35.949],[91.042,-37.722],[93.554,-36.775],[92.696,-35.451]],"c":false},"ix":2},"nm":"Path 1","mn":"ADBE Vector Shape - Group","hd":false},{"ty":"fl","c":{"a":0,"k":[1,0.805,0.7,1],"ix":4},"o":{"a":0,"k":100,"ix":5},"r":1,"bm":0,"nm":"Fill 1","mn":"ADBE Vector Graphic - Fill","hd":false},{"ty":"tr","p":{"a":0,"k":[54.88,-25.027],"ix":2},"a":{"a":0,"k":[54.88,-25.027],"ix":1},"s":{"a":1,"k":[{"i":{"x":[0.667,0.667],"y":[1,1]},"o":{"x":[0.333,0.333],"y":[0,0]},"t":10,"s":[0,0]},{"i":{"x":[0.667,0.667],"y":[1,1]},"o":{"x":[0.333,0.333],"y":[0,0]},"t":17.259,"s":[100,100]},{"i":{"x":[0.667,0.667],"y":[0.917,0.917]},"o":{"x":[0.333,0.333],"y":[0,0]},"t":30.741,"s":[74,74]},{"i":{"x":[0.667,0.667],"y":[1,1]},"o":{"x":[0.333,0.333],"y":[-0.184,-0.184]},"t":42.148,"s":[135.43,135.43]},{"i":{"x":[0.667,0.667],"y":[1,1]},"o":{"x":[0.333,0.333],"y":[0,0]},"t":56.667,"s":[100,100]},{"t":66,"s":[0,0]}],"ix":3},"r":{"a":0,"k":0,"ix":6},"o":{"a":0,"k":100,"ix":7},"sk":{"a":0,"k":0,"ix":4},"sa":{"a":0,"k":0,"ix":5},"nm":"Transform"}],"nm":"Group 11","np":2,"cix":2,"bm":0,"ix":8,"mn":"ADBE Vector Group","hd":false},{"ty":"gr","it":[{"ty":"gr","it":[{"ind":0,"ty":"sh","ix":1,"ks":{"a":0,"k":{"i":[[0,0],[-14.824,-2.806]],"o":[[0,0],[0,0]],"v":[[-5.786,73.336],[26.911,87.427]],"c":false},"ix":2},"nm":"Path 1","mn":"ADBE Vector Shape - Group","hd":false},{"ty":"st","c":{"a":0,"k":[0,0,0,1],"ix":3},"o":{"a":0,"k":100,"ix":4},"w":{"a":0,"k":0.8,"ix":5},"lc":2,"lj":2,"bm":0,"nm":"Stroke 1","mn":"ADBE Vector Graphic - Stroke","hd":false},{"ty":"tr","p":{"a":0,"k":[0,0],"ix":2},"a":{"a":0,"k":[0,0],"ix":1},"s":{"a":0,"k":[100,100],"ix":3},"r":{"a":0,"k":0,"ix":6},"o":{"a":0,"k":100,"ix":7},"sk":{"a":0,"k":0,"ix":4},"sa":{"a":0,"k":0,"ix":5},"nm":"Transform"}],"nm":"Group 1","np":2,"cix":2,"bm":0,"ix":1,"mn":"ADBE Vector Group","hd":false},{"ty":"gr","it":[{"ind":0,"ty":"sh","ix":1,"ks":{"a":0,"k":{"i":[[0.979,-3.085],[15.707,5.075],[-0.979,3.085],[-15.707,-5.075]],"o":[[-0.979,3.085],[-15.707,-5.075],[0.979,-3.085],[15.707,5.075]],"v":[[49.52,88.792],[19.307,85.189],[-7.359,70.413],[22.854,74.016]],"c":true},"ix":2},"nm":"Path 1","mn":"ADBE Vector Shape - Group","hd":false},{"ty":"fl","c":{"a":0,"k":[1,0.3961,0.0667,1],"ix":4},"o":{"a":0,"k":100,"ix":5},"r":1,"bm":0,"nm":"Fill 1","mn":"ADBE Vector Graphic - Fill","hd":false},{"ty":"tr","p":{"a":0,"k":[0,0],"ix":2},"a":{"a":0,"k":[0,0],"ix":1},"s":{"a":0,"k":[100,100],"ix":3},"r":{"a":0,"k":0,"ix":6},"o":{"a":0,"k":100,"ix":7},"sk":{"a":0,"k":0,"ix":4},"sa":{"a":0,"k":0,"ix":5},"nm":"Transform"}],"nm":"Group 2","np":2,"cix":2,"bm":0,"ix":2,"mn":"ADBE Vector Group","hd":false},{"ty":"gr","it":[{"ind":0,"ty":"sh","ix":1,"ks":{"a":0,"k":{"i":[[29.998,21.332],[0,0],[-1.131,-0.846],[-25.805,2.773],[-0.232,1.306],[0,0]],"o":[[0,0],[-0.602,1.275],[6.582,4.92],[1.314,-0.141],[0,0],[0,0]],"v":[[-7.44,70.673],[-10.905,78.016],[-10.001,81.664],[45.073,99.009],[47.69,96.586],[49.139,88.424]],"c":true},"ix":2},"nm":"Path 1","mn":"ADBE Vector Shape - Group","hd":false},{"ty":"st","c":{"a":0,"k":[0,0,0,1],"ix":3},"o":{"a":0,"k":100,"ix":4},"w":{"a":0,"k":0.8,"ix":5},"lc":2,"lj":2,"bm":0,"nm":"Stroke 1","mn":"ADBE Vector Graphic - Stroke","hd":false},{"ty":"fl","c":{"a":0,"k":[1,1,1,1],"ix":4},"o":{"a":0,"k":100,"ix":5},"r":1,"bm":0,"nm":"Fill 1","mn":"ADBE Vector Graphic - Fill","hd":false},{"ty":"tr","p":{"a":0,"k":[0,0],"ix":2},"a":{"a":0,"k":[0,0],"ix":1},"s":{"a":0,"k":[100,100],"ix":3},"r":{"a":0,"k":0,"ix":6},"o":{"a":0,"k":100,"ix":7},"sk":{"a":0,"k":0,"ix":4},"sa":{"a":0,"k":0,"ix":5},"nm":"Transform"}],"nm":"Group 3","np":3,"cix":2,"bm":0,"ix":3,"mn":"ADBE Vector Group","hd":false},{"ty":"tr","p":{"a":0,"k":[0,0],"ix":2},"a":{"a":0,"k":[0,0],"ix":1},"s":{"a":0,"k":[100,100],"ix":3},"r":{"a":0,"k":0,"ix":6},"o":{"a":0,"k":100,"ix":7},"sk":{"a":0,"k":0,"ix":4},"sa":{"a":0,"k":0,"ix":5},"nm":"Transform"}],"nm":"Group 9","np":3,"cix":2,"bm":0,"ix":9,"mn":"ADBE Vector Group","hd":false},{"ty":"tr","p":{"a":0,"k":[0,0],"ix":2},"a":{"a":0,"k":[0,0],"ix":1},"s":{"a":0,"k":[100,100],"ix":3},"r":{"a":0,"k":0,"ix":6},"o":{"a":0,"k":100,"ix":7},"sk":{"a":0,"k":0,"ix":4},"sa":{"a":0,"k":0,"ix":5},"nm":"Transform"}],"nm":"Group 10","np":9,"cix":2,"bm":0,"ix":2,"mn":"ADBE Vector Group","hd":false},{"ty":"tr","p":{"a":1,"k":[{"i":{"x":0.485,"y":1},"o":{"x":0.333,"y":0},"t":0,"s":[40.03,65.409],"to":[-1.111,-1.667],"ti":[1.111,1.667]},{"i":{"x":0.485,"y":0.485},"o":{"x":0.563,"y":0.563},"t":10,"s":[33.363,55.409],"to":[0,0],"ti":[0,0]},{"i":{"x":0.667,"y":1},"o":{"x":0.515,"y":0},"t":34,"s":[33.363,55.409],"to":[1.111,1.667],"ti":[-1.111,-1.667]},{"t":44,"s":[40.03,65.409]}],"ix":2},"a":{"a":0,"k":[40.03,65.409],"ix":1},"s":{"a":0,"k":[100,100],"ix":3},"r":{"a":1,"k":[{"i":{"x":[0.833],"y":[1]},"o":{"x":[0.333],"y":[0]},"t":0,"s":[0]},{"i":{"x":[0.833],"y":[1]},"o":{"x":[0.167],"y":[0]},"t":7.333,"s":[10]},{"i":{"x":[0.833],"y":[1]},"o":{"x":[0.167],"y":[0]},"t":14.667,"s":[-8]},{"i":{"x":[0.833],"y":[1]},"o":{"x":[0.167],"y":[0]},"t":22,"s":[10]},{"i":{"x":[0.833],"y":[1]},"o":{"x":[0.167],"y":[0]},"t":29.333,"s":[-8]},{"i":{"x":[0.833],"y":[1]},"o":{"x":[0.167],"y":[0]},"t":36.667,"s":[10]},{"t":44,"s":[0]}],"ix":6},"o":{"a":0,"k":100,"ix":7},"sk":{"a":0,"k":0,"ix":4},"sa":{"a":0,"k":0,"ix":5},"nm":"Transform"}],"nm":"Group 10","np":2,"cix":2,"bm":0,"ix":1,"mn":"ADBE Vector Group","hd":false},{"ty":"gr","it":[{"ind":0,"ty":"sh","ix":1,"ks":{"a":0,"k":{"i":[[0.796,-4.149],[0.464,-0.456],[1.017,0.299],[2.088,3.025],[-0.193,0.573],[-0.567,0.219],[-2.312,0.893]],"o":[[-0.123,0.639],[-0.756,0.743],[-3.527,-1.038],[-0.343,-0.497],[0.194,-0.576],[2.312,-0.893],[7.137,-2.757]],"v":[[-26.048,17.615],[-26.786,19.388],[-29.799,19.684],[-38.562,13.342],[-39.041,11.665],[-37.649,10.587],[-30.714,7.907]],"c":true},"ix":2},"nm":"Path 1","mn":"ADBE Vector Shape - Group","hd":false},{"ty":"st","c":{"a":0,"k":[0,0,0,1],"ix":3},"o":{"a":0,"k":100,"ix":4},"w":{"a":0,"k":0.8,"ix":5},"lc":2,"lj":2,"bm":0,"nm":"Stroke 1","mn":"ADBE Vector Graphic - Stroke","hd":false},{"ty":"fl","c":{"a":0,"k":[1,1,1,1],"ix":4},"o":{"a":0,"k":100,"ix":5},"r":1,"bm":0,"nm":"Fill 1","mn":"ADBE Vector Graphic - Fill","hd":false},{"ty":"tr","p":{"a":0,"k":[0,0],"ix":2},"a":{"a":0,"k":[0,0],"ix":1},"s":{"a":0,"k":[100,100],"ix":3},"r":{"a":0,"k":0,"ix":6},"o":{"a":0,"k":100,"ix":7},"sk":{"a":0,"k":0,"ix":4},"sa":{"a":0,"k":0,"ix":5},"nm":"Transform"}],"nm":"Group 2","np":3,"cix":2,"bm":0,"ix":2,"mn":"ADBE Vector Group","hd":false},{"ty":"gr","it":[{"ind":0,"ty":"sh","ix":1,"ks":{"a":0,"k":{"i":[[0.351,1.543],[0.44,1.548],[3.047,-3.667],[-0.099,-1.305],[10.152,-6.385],[4.448,-4.367],[1.767,-1.84],[0.472,-1.857],[-0.613,-1.778],[-1.249,-3.432],[-1.328,-0.568],[-1.269,0.271],[-2.272,0.66],[-1.818,0.693],[-0.439,1.785],[-0.117,1.834],[-0.37,1.825],[-2.138,2.922],[-3.913,5.561],[0.868,6.137]],"o":[[-0.358,-1.571],[-0.599,-2.108],[-0.837,1.007],[0.976,12.876],[-5.237,3.293],[-1.84,1.807],[-1.251,1.303],[-0.484,1.902],[1.189,3.452],[0.45,1.238],[1.251,0.534],[2.313,-0.494],[1.868,-0.543],[1.527,-0.582],[0.44,-1.791],[0.119,-1.858],[0.715,-3.524],[4.015,-5.488],[3.684,-5.235],[-0.222,-1.567]],"v":[[-24.939,23.65],[-26.149,18.972],[-31.071,15.386],[-31.657,19.163],[-49.404,47.622],[-64.618,58.317],[-70.252,63.621],[-73.56,68.212],[-72.582,74.019],[-69.155,84.422],[-67.234,87.93],[-63.227,87.826],[-56.346,86.099],[-50.808,84.261],[-46.966,81.527],[-46.665,75.89],[-45.946,70.353],[-41.852,60.406],[-27.183,46.33],[-24.067,28.314]],"c":true},"ix":2},"nm":"Path 1","mn":"ADBE Vector Shape - Group","hd":false},{"ty":"fl","c":{"a":0,"k":[0,0,0,1],"ix":4},"o":{"a":0,"k":100,"ix":5},"r":1,"bm":0,"nm":"Fill 1","mn":"ADBE Vector Graphic - Fill","hd":false},{"ty":"tr","p":{"a":0,"k":[-30.453,15.424],"ix":2},"a":{"a":0,"k":[-30.453,15.424],"ix":1},"s":{"a":0,"k":[100,100],"ix":3},"r":{"a":1,"k":[{"i":{"x":[0.79],"y":[1]},"o":{"x":[0.321],"y":[0]},"t":0,"s":[0]},{"i":{"x":[0.833],"y":[1]},"o":{"x":[0.377],"y":[0]},"t":20,"s":[10]},{"i":{"x":[0.79],"y":[1]},"o":{"x":[0.167],"y":[0]},"t":40,"s":[-10]},{"i":{"x":[0.667],"y":[1]},"o":{"x":[0.377],"y":[0]},"t":60,"s":[10]},{"t":80,"s":[0]}],"ix":6},"o":{"a":0,"k":100,"ix":7},"sk":{"a":0,"k":0,"ix":4},"sa":{"a":0,"k":0,"ix":5},"nm":"Transform"}],"nm":"Group 12","np":2,"cix":2,"bm":0,"ix":3,"mn":"ADBE Vector Group","hd":false},{"ty":"gr","it":[{"ind":0,"ty":"sh","ix":1,"ks":{"a":0,"k":{"i":[[0.417,-0.215],[0.86,-0.443],[2.692,-3.036],[3.529,-3.432],[9.003,-0.256],[0.205,1.885],[0.004,0.038],[-2.372,-0.277],[-5.939,5.153],[-3.756,3.703],[-2.25,0.678],[-1.161,0.162],[-0.681,0.219],[-0.839,-0.116]],"o":[[-0.86,0.443],[-3.601,1.855],[-3.266,3.684],[-6.464,6.286],[-1.896,0.054],[-0.004,-0.038],[-0.26,-2.374],[7.793,0.911],[3.984,-3.457],[1.633,-1.68],[1.129,-0.34],[0.73,-0.102],[0.819,-0.263],[-0.417,0.215]],"v":[[-28.749,19.898],[-31.329,21.226],[-40.589,28.357],[-50.174,39.582],[-74.534,49.819],[-78.251,46.554],[-78.263,46.441],[-74.119,42.408],[-52.203,35.761],[-41.528,24.099],[-35.579,20.385],[-32.151,19.809],[-30.163,19.288],[-27.498,19.253]],"c":true},"ix":2},"nm":"Path 1","mn":"ADBE Vector Shape - Group","hd":false},{"ty":"st","c":{"a":0,"k":[0,0,0,1],"ix":3},"o":{"a":0,"k":100,"ix":4},"w":{"a":0,"k":0.8,"ix":5},"lc":2,"lj":2,"bm":0,"nm":"Stroke 1","mn":"ADBE Vector Graphic - Stroke","hd":false},{"ty":"fl","c":{"a":0,"k":[1,1,1,1],"ix":4},"o":{"a":0,"k":100,"ix":5},"r":1,"bm":0,"nm":"Fill 1","mn":"ADBE Vector Graphic - Fill","hd":false},{"ty":"tr","p":{"a":0,"k":[0,0],"ix":2},"a":{"a":0,"k":[0,0],"ix":1},"s":{"a":0,"k":[100,100],"ix":3},"r":{"a":0,"k":0,"ix":6},"o":{"a":0,"k":100,"ix":7},"sk":{"a":0,"k":0,"ix":4},"sa":{"a":0,"k":0,"ix":5},"nm":"Transform"}],"nm":"Group 4","np":3,"cix":2,"bm":0,"ix":4,"mn":"ADBE Vector Group","hd":false},{"ty":"gr","it":[{"ind":0,"ty":"sh","ix":1,"ks":{"a":0,"k":{"i":[[0,0],[0.469,4.982],[-0.926,1.164],[-0.804,-0.196],[-0.206,-0.615],[-0.127,-0.636],[-3.193,0.503]],"o":[[-4.29,-0.284],[-0.139,-1.481],[0.515,-0.647],[0.63,0.153],[0.206,0.615],[0.636,3.198],[0,0]],"v":[[-36.891,15.607],[-49.836,7.783],[-48.595,3.611],[-46.483,2.588],[-45.208,3.947],[-44.848,5.857],[-37.687,10.927]],"c":false},"ix":2},"nm":"Path 1","mn":"ADBE Vector Shape - Group","hd":false},{"ty":"st","c":{"a":0,"k":[0,0,0,1],"ix":3},"o":{"a":0,"k":100,"ix":4},"w":{"a":0,"k":0.8,"ix":5},"lc":2,"lj":2,"bm":0,"nm":"Stroke 1","mn":"ADBE Vector Graphic - Stroke","hd":false},{"ty":"fl","c":{"a":0,"k":[1,1,1,1],"ix":4},"o":{"a":0,"k":100,"ix":5},"r":1,"bm":0,"nm":"Fill 1","mn":"ADBE Vector Graphic - Fill","hd":false},{"ty":"tr","p":{"a":0,"k":[0,0],"ix":2},"a":{"a":0,"k":[0,0],"ix":1},"s":{"a":0,"k":[100,100],"ix":3},"r":{"a":0,"k":0,"ix":6},"o":{"a":0,"k":100,"ix":7},"sk":{"a":0,"k":0,"ix":4},"sa":{"a":0,"k":0,"ix":5},"nm":"Transform"}],"nm":"Group 5","np":3,"cix":2,"bm":0,"ix":5,"mn":"ADBE Vector Group","hd":false},{"ty":"gr","it":[{"ind":0,"ty":"sh","ix":1,"ks":{"a":0,"k":{"i":[[0,0],[-0.517,2.046],[0.149,1.238],[-0.108,0.795],[-0.731,0.331],[-0.618,-0.483],[-0.275,-0.735],[0.569,-2.086],[0.993,-1.433],[1.354,-0.17]],"o":[[1.844,-0.935],[0.305,-1.209],[-0.096,-0.797],[0.108,-0.795],[0.715,-0.323],[0.618,0.483],[0.758,2.025],[-0.458,1.678],[-0.789,1.138],[0,0]],"v":[[-31.251,10.747],[-27.272,6.028],[-27.144,2.31],[-27.277,-0.087],[-26.02,-2.02],[-23.812,-1.651],[-22.524,0.282],[-22.385,6.662],[-24.602,11.479],[-28.208,13.135]],"c":false},"ix":2},"nm":"Path 1","mn":"ADBE Vector Shape - Group","hd":false},{"ty":"st","c":{"a":0,"k":[0,0,0,1],"ix":3},"o":{"a":0,"k":100,"ix":4},"w":{"a":0,"k":0.8,"ix":5},"lc":2,"lj":2,"bm":0,"nm":"Stroke 1","mn":"ADBE Vector Graphic - Stroke","hd":false},{"ty":"fl","c":{"a":0,"k":[1,1,1,1],"ix":4},"o":{"a":0,"k":100,"ix":5},"r":1,"bm":0,"nm":"Fill 1","mn":"ADBE Vector Graphic - Fill","hd":false},{"ty":"tr","p":{"a":0,"k":[0,0],"ix":2},"a":{"a":0,"k":[0,0],"ix":1},"s":{"a":0,"k":[100,100],"ix":3},"r":{"a":0,"k":0,"ix":6},"o":{"a":0,"k":100,"ix":7},"sk":{"a":0,"k":0,"ix":4},"sa":{"a":0,"k":0,"ix":5},"nm":"Transform"}],"nm":"Group 6","np":3,"cix":2,"bm":0,"ix":6,"mn":"ADBE Vector Group","hd":false},{"ty":"gr","it":[{"ind":0,"ty":"sh","ix":1,"ks":{"a":0,"k":{"i":[[0,0],[-0.367,4.218]],"o":[[0.367,-4.218],[0,0]],"v":[[-67.492,81.951],[-66.39,69.298]],"c":false},"ix":2},"nm":"Path 1","mn":"ADBE Vector Shape - Group","hd":false},{"ty":"st","c":{"a":0,"k":[0,0,0,1],"ix":3},"o":{"a":0,"k":100,"ix":4},"w":{"a":0,"k":0.8,"ix":5},"lc":2,"lj":2,"bm":0,"nm":"Stroke 1","mn":"ADBE Vector Graphic - Stroke","hd":false},{"ty":"tr","p":{"a":0,"k":[0,0],"ix":2},"a":{"a":0,"k":[0,0],"ix":1},"s":{"a":0,"k":[100,100],"ix":3},"r":{"a":0,"k":0,"ix":6},"o":{"a":0,"k":100,"ix":7},"sk":{"a":0,"k":0,"ix":4},"sa":{"a":0,"k":0,"ix":5},"nm":"Transform"}],"nm":"Group 7","np":2,"cix":2,"bm":0,"ix":7,"mn":"ADBE Vector Group","hd":false},{"ty":"gr","it":[{"ind":0,"ty":"sh","ix":1,"ks":{"a":0,"k":{"i":[[-1.512,-5.624],[0.512,-4.319],[1.372,-0.89],[2.526,-0.337],[3.756,-0.435],[7.485,-0.198],[21.482,-0.569],[2.395,3.566],[0.296,1.809],[-7.446,12.918],[-9.398,4.517],[-12.587,1.6],[-5.939,-1.077],[-6.146,-7.533],[-2.825,-11.031],[-0.095,-0.352]],"o":[[1.101,4.114],[-0.192,1.624],[-2.325,1.508],[-3.73,0.497],[-7.444,0.861],[-21.482,0.569],[-4.294,0.114],[-1.022,-1.522],[-2.256,-13.795],[5.257,-9.121],[11.436,-5.497],[5.988,-0.761],[9.739,1.766],[7.243,8.878],[0.09,0.353],[1.512,5.624]],"v":[[31.438,65.281],[32.96,77.482],[30.933,81.772],[23.143,82.537],[11.993,84.41],[-10.436,85.679],[-74.882,87.385],[-86.626,83.676],[-88.264,78.474],[-87.115,33.482],[-63.838,12.927],[-27.124,3.538],[-9.092,3.239],[15.048,18.766],[26.63,47.349],[26.903,48.408]],"c":true},"ix":2},"nm":"Path 1","mn":"ADBE Vector Shape - Group","hd":false},{"ty":"fl","c":{"a":0,"k":[1,0.597,0.38,1],"ix":4},"o":{"a":0,"k":100,"ix":5},"r":1,"bm":0,"nm":"Fill 1","mn":"ADBE Vector Graphic - Fill","hd":false},{"ty":"tr","p":{"a":0,"k":[0,0],"ix":2},"a":{"a":0,"k":[0,0],"ix":1},"s":{"a":0,"k":[100,100],"ix":3},"r":{"a":0,"k":0,"ix":6},"o":{"a":0,"k":100,"ix":7},"sk":{"a":0,"k":0,"ix":4},"sa":{"a":0,"k":0,"ix":5},"nm":"Transform"}],"nm":"Group 8","np":2,"cix":2,"bm":0,"ix":8,"mn":"ADBE Vector Group","hd":false},{"ty":"gr","it":[{"ty":"gr","it":[{"ind":0,"ty":"sh","ix":1,"ks":{"a":0,"k":{"i":[[0,0],[-0.152,-0.466],[-3.099,-1.555]],"o":[[-0.244,0.425],[1.073,3.297],[0,0]],"v":[[-81.342,-65.532],[-81.315,-64.107],[-74.71,-56.425]],"c":false},"ix":2},"nm":"Path 1","mn":"ADBE Vector Shape - Group","hd":false},{"ty":"st","c":{"a":0,"k":[1,1,1,1],"ix":3},"o":{"a":0,"k":100,"ix":4},"w":{"a":0,"k":0.8,"ix":5},"lc":2,"lj":2,"bm":0,"nm":"Stroke 1","mn":"ADBE Vector Graphic - Stroke","hd":false},{"ty":"tr","p":{"a":0,"k":[0,0],"ix":2},"a":{"a":0,"k":[0,0],"ix":1},"s":{"a":0,"k":[100,100],"ix":3},"r":{"a":0,"k":0,"ix":6},"o":{"a":0,"k":100,"ix":7},"sk":{"a":0,"k":0,"ix":4},"sa":{"a":0,"k":0,"ix":5},"nm":"Transform"}],"nm":"Group 1","np":2,"cix":2,"bm":0,"ix":1,"mn":"ADBE Vector Group","hd":false},{"ty":"gr","it":[{"ind":0,"ty":"sh","ix":1,"ks":{"a":0,"k":{"i":[[0,0],[-2.371,-0.794],[-1.989,1.515]],"o":[[0.676,2.407],[2.371,0.794],[0,0]],"v":[[-45.571,-29.85],[-40.602,-24.629],[-33.491,-25.806]],"c":false},"ix":2},"nm":"Path 1","mn":"ADBE Vector Shape - Group","hd":false},{"ty":"st","c":{"a":0,"k":[0,0,0,1],"ix":3},"o":{"a":0,"k":100,"ix":4},"w":{"a":0,"k":0.8,"ix":5},"lc":2,"lj":2,"bm":0,"nm":"Stroke 1","mn":"ADBE Vector Graphic - Stroke","hd":false},{"ty":"tr","p":{"a":0,"k":[0,0],"ix":2},"a":{"a":0,"k":[0,0],"ix":1},"s":{"a":0,"k":[100,100],"ix":3},"r":{"a":0,"k":0,"ix":6},"o":{"a":0,"k":100,"ix":7},"sk":{"a":0,"k":0,"ix":4},"sa":{"a":0,"k":0,"ix":5},"nm":"Transform"}],"nm":"Group 11","np":2,"cix":2,"bm":0,"ix":2,"mn":"ADBE Vector Group","hd":false},{"ty":"gr","it":[{"ind":0,"ty":"sh","ix":1,"ks":{"a":0,"k":{"i":[[0,0],[0.016,-1.87],[0.651,-0.332],[0.444,0.203],[0.364,0.325]],"o":[[0.866,1.657],[-0.006,0.731],[-0.435,0.221],[-0.444,-0.203],[0,0]],"v":[[-87.606,-32.071],[-85.869,-26.8],[-86.744,-24.911],[-88.157,-24.953],[-89.336,-25.81]],"c":false},"ix":2},"nm":"Path 1","mn":"ADBE Vector Shape - Group","hd":false},{"ty":"st","c":{"a":0,"k":[0,0,0,1],"ix":3},"o":{"a":0,"k":100,"ix":4},"w":{"a":0,"k":0.8,"ix":5},"lc":2,"lj":2,"bm":0,"nm":"Stroke 1","mn":"ADBE Vector Graphic - Stroke","hd":false},{"ty":"tr","p":{"a":0,"k":[0,0],"ix":2},"a":{"a":0,"k":[0,0],"ix":1},"s":{"a":0,"k":[100,100],"ix":3},"r":{"a":0,"k":0,"ix":6},"o":{"a":0,"k":100,"ix":7},"sk":{"a":0,"k":0,"ix":4},"sa":{"a":0,"k":0,"ix":5},"nm":"Transform"}],"nm":"Group 12","np":2,"cix":2,"bm":0,"ix":3,"mn":"ADBE Vector Group","hd":false},{"ty":"gr","it":[{"ind":0,"ty":"sh","ix":1,"ks":{"a":0,"k":{"i":[[0,0],[-2.16,0.338],[-1.582,-1.509]],"o":[[1.045,-1.92],[2.16,-0.338],[0,0]],"v":[[-93.454,-28.418],[-88.278,-32.064],[-82.236,-30.174]],"c":false},"ix":2},"nm":"Path 1","mn":"ADBE Vector Shape - Group","hd":false},{"ty":"st","c":{"a":0,"k":[0,0,0,1],"ix":3},"o":{"a":0,"k":100,"ix":4},"w":{"a":0,"k":0.8,"ix":5},"lc":2,"lj":2,"bm":0,"nm":"Stroke 1","mn":"ADBE Vector Graphic - Stroke","hd":false},{"ty":"tr","p":{"a":0,"k":[0,0],"ix":2},"a":{"a":0,"k":[0,0],"ix":1},"s":{"a":0,"k":[100,100],"ix":3},"r":{"a":0,"k":0,"ix":6},"o":{"a":0,"k":100,"ix":7},"sk":{"a":0,"k":0,"ix":4},"sa":{"a":0,"k":0,"ix":5},"nm":"Transform"}],"nm":"Group 13","np":2,"cix":2,"bm":0,"ix":4,"mn":"ADBE Vector Group","hd":false},{"ty":"gr","it":[{"ind":0,"ty":"sh","ix":1,"ks":{"a":0,"k":{"i":[[0,0],[2.37,-12.115],[0.487,0.709],[-1.215,8.51]],"o":[[-10.101,6.533],[-0.163,0.843],[-1.711,-2.491],[0,0]],"v":[[-59.568,-62.716],[-79.313,-31.734],[-80.811,-31.769],[-81.144,-59.286]],"c":false},"ix":2},"nm":"Path 1","mn":"ADBE Vector Shape - Group","hd":false},{"ty":"fl","c":{"a":0,"k":[0.9958,0.4553,0.1642,1],"ix":4},"o":{"a":0,"k":100,"ix":5},"r":1,"bm":0,"nm":"Fill 1","mn":"ADBE Vector Graphic - Fill","hd":false},{"ty":"tr","p":{"a":0,"k":[0,0],"ix":2},"a":{"a":0,"k":[0,0],"ix":1},"s":{"a":0,"k":[100,100],"ix":3},"r":{"a":0,"k":0,"ix":6},"o":{"a":0,"k":100,"ix":7},"sk":{"a":0,"k":0,"ix":4},"sa":{"a":0,"k":0,"ix":5},"nm":"Transform"}],"nm":"Group 14","np":2,"cix":2,"bm":0,"ix":5,"mn":"ADBE Vector Group","hd":false},{"ty":"gr","it":[{"ind":0,"ty":"sh","ix":1,"ks":{"a":0,"k":{"i":[[0,0],[6.1,8.268],[-2.66,9.792]],"o":[[-10.27,0.452],[-5.91,-8.012],[0,0]],"v":[[-47.051,-3.482],[-73.592,-16.623],[-80.603,-45.703]],"c":false},"ix":2},"nm":"Path 1","mn":"ADBE Vector Shape - Group","hd":false},{"ty":"st","c":{"a":0,"k":[0,0,0,1],"ix":3},"o":{"a":0,"k":100,"ix":4},"w":{"a":0,"k":0.8,"ix":5},"lc":2,"lj":2,"bm":0,"nm":"Stroke 1","mn":"ADBE Vector Graphic - Stroke","hd":false},{"ty":"tr","p":{"a":0,"k":[0,0],"ix":2},"a":{"a":0,"k":[0,0],"ix":1},"s":{"a":0,"k":[100,100],"ix":3},"r":{"a":0,"k":0,"ix":6},"o":{"a":0,"k":100,"ix":7},"sk":{"a":0,"k":0,"ix":4},"sa":{"a":0,"k":0,"ix":5},"nm":"Transform"}],"nm":"Group 15","np":2,"cix":2,"bm":0,"ix":6,"mn":"ADBE Vector Group","hd":false},{"ty":"gr","it":[{"ind":0,"ty":"sh","ix":1,"ks":{"a":0,"k":{"i":[[0,0],[-1.406,-0.905]],"o":[[1.277,-1.08],[0,0]],"v":[[-50.774,-47.056],[-46.099,-47.361]],"c":false},"ix":2},"nm":"Path 1","mn":"ADBE Vector Shape - Group","hd":false},{"ty":"st","c":{"a":0,"k":[0,0,0,1],"ix":3},"o":{"a":0,"k":100,"ix":4},"w":{"a":0,"k":0.8,"ix":5},"lc":2,"lj":2,"bm":0,"nm":"Stroke 1","mn":"ADBE Vector Graphic - Stroke","hd":false},{"ty":"tr","p":{"a":0,"k":[0,0],"ix":2},"a":{"a":0,"k":[0,0],"ix":1},"s":{"a":0,"k":[100,100],"ix":3},"r":{"a":0,"k":0,"ix":6},"o":{"a":0,"k":100,"ix":7},"sk":{"a":0,"k":0,"ix":4},"sa":{"a":0,"k":0,"ix":5},"nm":"Transform"}],"nm":"Group 16","np":2,"cix":2,"bm":0,"ix":7,"mn":"ADBE Vector Group","hd":false},{"ty":"gr","it":[{"ind":0,"ty":"sh","ix":1,"ks":{"a":0,"k":{"i":[[0,0],[-0.846,-0.422]],"o":[[0.764,-0.557],[0,0]],"v":[[-28.728,-49.639],[-26.04,-49.865]],"c":false},"ix":2},"nm":"Path 1","mn":"ADBE Vector Shape - Group","hd":false},{"ty":"st","c":{"a":0,"k":[0,0,0,1],"ix":3},"o":{"a":0,"k":100,"ix":4},"w":{"a":0,"k":0.8,"ix":5},"lc":2,"lj":2,"bm":0,"nm":"Stroke 1","mn":"ADBE Vector Graphic - Stroke","hd":false},{"ty":"tr","p":{"a":0,"k":[0,0],"ix":2},"a":{"a":0,"k":[0,0],"ix":1},"s":{"a":0,"k":[100,100],"ix":3},"r":{"a":0,"k":0,"ix":6},"o":{"a":0,"k":100,"ix":7},"sk":{"a":0,"k":0,"ix":4},"sa":{"a":0,"k":0,"ix":5},"nm":"Transform"}],"nm":"Group 17","np":2,"cix":2,"bm":0,"ix":8,"mn":"ADBE Vector Group","hd":false},{"ty":"gr","it":[{"ind":0,"ty":"sh","ix":1,"ks":{"a":0,"k":{"i":[[-0.223,-0.019],[-0.596,-1.147],[0.283,-0.401],[0.409,-0.076],[1.029,0.219],[0.765,0.487],[-1.468,0.315],[-0.916,-0.102]],"o":[[1.192,0.101],[0.227,0.436],[-0.24,0.339],[-1.034,0.191],[-0.882,-0.188],[-1.035,-0.658],[0.915,-0.196],[0.208,0.023]],"v":[[-27.995,-62.182],[-24.879,-60.8],[-24.873,-59.401],[-25.95,-58.836],[-29.078,-59.018],[-31.647,-59.98],[-31.429,-62.17],[-28.645,-62.241]],"c":true},"ix":2},"nm":"Path 1","mn":"ADBE Vector Shape - Group","hd":false},{"ty":"fl","c":{"a":0,"k":[0,0,0,1],"ix":4},"o":{"a":0,"k":100,"ix":5},"r":1,"bm":0,"nm":"Fill 1","mn":"ADBE Vector Graphic - Fill","hd":false},{"ty":"tr","p":{"a":0,"k":[0,0],"ix":2},"a":{"a":0,"k":[0,0],"ix":1},"s":{"a":0,"k":[100,100],"ix":3},"r":{"a":0,"k":0,"ix":6},"o":{"a":0,"k":100,"ix":7},"sk":{"a":0,"k":0,"ix":4},"sa":{"a":0,"k":0,"ix":5},"nm":"Transform"}],"nm":"Group 9","np":2,"cix":2,"bm":0,"ix":9,"mn":"ADBE Vector Group","hd":false},{"ty":"gr","it":[{"ind":0,"ty":"sh","ix":1,"ks":{"a":0,"k":{"i":[[-0.204,0.093],[-1.083,-0.706],[0.05,-0.488],[0.319,-0.267],[1.004,-0.314],[0.905,0.048],[-1.125,0.995],[-0.848,0.361]],"o":[[1.088,-0.497],[0.411,0.268],[-0.042,0.413],[-0.807,0.674],[-0.861,0.269],[-1.225,-0.066],[0.701,-0.62],[0.193,-0.082]],"v":[[-51.728,-58.305],[-48.335,-58.632],[-47.643,-57.415],[-48.304,-56.395],[-51.119,-55.017],[-53.829,-54.595],[-54.714,-56.61],[-52.324,-58.039]],"c":true},"ix":2},"nm":"Path 1","mn":"ADBE Vector Shape - Group","hd":false},{"ty":"fl","c":{"a":0,"k":[0,0,0,1],"ix":4},"o":{"a":0,"k":100,"ix":5},"r":1,"bm":0,"nm":"Fill 1","mn":"ADBE Vector Graphic - Fill","hd":false},{"ty":"tr","p":{"a":0,"k":[0,0],"ix":2},"a":{"a":0,"k":[0,0],"ix":1},"s":{"a":0,"k":[100,100],"ix":3},"r":{"a":0,"k":0,"ix":6},"o":{"a":0,"k":100,"ix":7},"sk":{"a":0,"k":0,"ix":4},"sa":{"a":0,"k":0,"ix":5},"nm":"Transform"}],"nm":"Group 18","np":2,"cix":2,"bm":0,"ix":10,"mn":"ADBE Vector Group","hd":false},{"ty":"gr","it":[{"ind":0,"ty":"sh","ix":1,"ks":{"a":0,"k":{"i":[[0,0],[-3.293,3.133]],"o":[[0.934,-4.447],[0,0]],"v":[[-41.14,-64.983],[-34.597,-76.708]],"c":false},"ix":2},"nm":"Path 1","mn":"ADBE Vector Shape - Group","hd":false},{"ty":"st","c":{"a":0,"k":[1,1,1,1],"ix":3},"o":{"a":0,"k":100,"ix":4},"w":{"a":0,"k":0.8,"ix":5},"lc":2,"lj":2,"bm":0,"nm":"Stroke 1","mn":"ADBE Vector Graphic - Stroke","hd":false},{"ty":"tr","p":{"a":0,"k":[0,0],"ix":2},"a":{"a":0,"k":[0,0],"ix":1},"s":{"a":0,"k":[100,100],"ix":3},"r":{"a":0,"k":0,"ix":6},"o":{"a":0,"k":100,"ix":7},"sk":{"a":0,"k":0,"ix":4},"sa":{"a":0,"k":0,"ix":5},"nm":"Transform"}],"nm":"Group 19","np":2,"cix":2,"bm":0,"ix":11,"mn":"ADBE Vector Group","hd":false},{"ty":"gr","it":[{"ind":0,"ty":"sh","ix":1,"ks":{"a":0,"k":{"i":[[0,0],[-1.967,3.986]],"o":[[-2.094,-3.921],[0,0]],"v":[[-59.308,-63.202],[-59.519,-76.04]],"c":false},"ix":2},"nm":"Path 1","mn":"ADBE Vector Shape - Group","hd":false},{"ty":"st","c":{"a":0,"k":[1,1,1,1],"ix":3},"o":{"a":0,"k":100,"ix":4},"w":{"a":0,"k":0.8,"ix":5},"lc":2,"lj":2,"bm":0,"nm":"Stroke 1","mn":"ADBE Vector Graphic - Stroke","hd":false},{"ty":"tr","p":{"a":0,"k":[0,0],"ix":2},"a":{"a":0,"k":[0,0],"ix":1},"s":{"a":0,"k":[100,100],"ix":3},"r":{"a":0,"k":0,"ix":6},"o":{"a":0,"k":100,"ix":7},"sk":{"a":0,"k":0,"ix":4},"sa":{"a":0,"k":0,"ix":5},"nm":"Transform"}],"nm":"Group 20","np":2,"cix":2,"bm":0,"ix":12,"mn":"ADBE Vector Group","hd":false},{"ty":"gr","it":[{"ind":0,"ty":"sh","ix":1,"ks":{"a":0,"k":{"i":[[0,0],[2.37,-12.115],[0.487,0.709],[-1.215,8.51]],"o":[[-10.101,6.533],[-0.163,0.843],[-1.711,-2.491],[0,0]],"v":[[-59.568,-62.716],[-79.313,-31.734],[-80.811,-31.769],[-81.144,-59.286]],"c":false},"ix":2},"nm":"Path 1","mn":"ADBE Vector Shape - Group","hd":false},{"ty":"fl","c":{"a":0,"k":[0,0,0,1],"ix":4},"o":{"a":0,"k":100,"ix":5},"r":1,"bm":0,"nm":"Fill 1","mn":"ADBE Vector Graphic - Fill","hd":false},{"ty":"tr","p":{"a":0,"k":[0,0],"ix":2},"a":{"a":0,"k":[0,0],"ix":1},"s":{"a":0,"k":[100,100],"ix":3},"r":{"a":0,"k":0,"ix":6},"o":{"a":0,"k":100,"ix":7},"sk":{"a":0,"k":0,"ix":4},"sa":{"a":0,"k":0,"ix":5},"nm":"Transform"}],"nm":"Group 21","np":2,"cix":2,"bm":0,"ix":13,"mn":"ADBE Vector Group","hd":false},{"ty":"gr","it":[{"ind":0,"ty":"sh","ix":1,"ks":{"a":0,"k":{"i":[[0,0],[-1.956,-6.863],[1.751,-2.011],[1.375,-0.862]],"o":[[1.956,6.863],[0.731,2.563],[-1.133,1.309],[0,0]],"v":[[-36.601,-56.254],[-33.047,-43.39],[-32.994,-36.658],[-36.701,-34.212]],"c":false},"ix":2},"nm":"Path 1","mn":"ADBE Vector Shape - Group","hd":false},{"ty":"st","c":{"a":0,"k":[0,0,0,1],"ix":3},"o":{"a":0,"k":100,"ix":4},"w":{"a":0,"k":0.8,"ix":5},"lc":2,"lj":2,"bm":0,"nm":"Stroke 1","mn":"ADBE Vector Graphic - Stroke","hd":false},{"ty":"tr","p":{"a":0,"k":[0,0],"ix":2},"a":{"a":0,"k":[0,0],"ix":1},"s":{"a":0,"k":[100,100],"ix":3},"r":{"a":0,"k":0,"ix":6},"o":{"a":0,"k":100,"ix":7},"sk":{"a":0,"k":0,"ix":4},"sa":{"a":0,"k":0,"ix":5},"nm":"Transform"}],"nm":"Group 22","np":2,"cix":2,"bm":0,"ix":14,"mn":"ADBE Vector Group","hd":false},{"ty":"gr","it":[{"ind":0,"ty":"sh","ix":1,"ks":{"a":0,"k":{"i":[[0,0],[-0.706,-4.213]],"o":[[0.706,4.213],[0,0]],"v":[[-29.889,-7.344],[-25.089,13.34]],"c":false},"ix":2},"nm":"Path 1","mn":"ADBE Vector Shape - Group","hd":false},{"ty":"st","c":{"a":0,"k":[0,0,0,1],"ix":3},"o":{"a":0,"k":100,"ix":4},"w":{"a":0,"k":0.8,"ix":5},"lc":2,"lj":2,"bm":0,"nm":"Stroke 1","mn":"ADBE Vector Graphic - Stroke","hd":false},{"ty":"tr","p":{"a":0,"k":[0,0],"ix":2},"a":{"a":0,"k":[0,0],"ix":1},"s":{"a":0,"k":[100,100],"ix":3},"r":{"a":0,"k":0,"ix":6},"o":{"a":0,"k":100,"ix":7},"sk":{"a":0,"k":0,"ix":4},"sa":{"a":0,"k":0,"ix":5},"nm":"Transform"}],"nm":"Group 23","np":2,"cix":2,"bm":0,"ix":15,"mn":"ADBE Vector Group","hd":false},{"ty":"gr","it":[{"ind":0,"ty":"sh","ix":1,"ks":{"a":0,"k":{"i":[[0,0],[-1.495,-7.83]],"o":[[1.496,7.834],[0,0]],"v":[[-46.671,-4.128],[-43.25,12.947]],"c":false},"ix":2},"nm":"Path 1","mn":"ADBE Vector Shape - Group","hd":false},{"ty":"st","c":{"a":0,"k":[0,0,0,1],"ix":3},"o":{"a":0,"k":100,"ix":4},"w":{"a":0,"k":0.8,"ix":5},"lc":2,"lj":2,"bm":0,"nm":"Stroke 1","mn":"ADBE Vector Graphic - Stroke","hd":false},{"ty":"tr","p":{"a":0,"k":[0,0],"ix":2},"a":{"a":0,"k":[0,0],"ix":1},"s":{"a":0,"k":[100,100],"ix":3},"r":{"a":0,"k":0,"ix":6},"o":{"a":0,"k":100,"ix":7},"sk":{"a":0,"k":0,"ix":4},"sa":{"a":0,"k":0,"ix":5},"nm":"Transform"}],"nm":"Group 24","np":2,"cix":2,"bm":0,"ix":16,"mn":"ADBE Vector Group","hd":false},{"ty":"gr","it":[{"ind":0,"ty":"sh","ix":1,"ks":{"a":0,"k":{"i":[[0,0],[-1.005,-1.834],[-0.116,-6.756],[11.424,-4.129]],"o":[[0.707,1.969],[3.225,5.884],[0.188,10.907],[0,0]],"v":[[-23.165,-57.8],[-20.334,-52.208],[-14.613,-33.029],[-31.562,-6.605]],"c":false},"ix":2},"nm":"Path 1","mn":"ADBE Vector Shape - Group","hd":false},{"ty":"st","c":{"a":0,"k":[0,0,0,1],"ix":3},"o":{"a":0,"k":100,"ix":4},"w":{"a":0,"k":0.8,"ix":5},"lc":2,"lj":2,"bm":0,"nm":"Stroke 1","mn":"ADBE Vector Graphic - Stroke","hd":false},{"ty":"tr","p":{"a":0,"k":[0,0],"ix":2},"a":{"a":0,"k":[0,0],"ix":1},"s":{"a":0,"k":[100,100],"ix":3},"r":{"a":0,"k":0,"ix":6},"o":{"a":0,"k":100,"ix":7},"sk":{"a":0,"k":0,"ix":4},"sa":{"a":0,"k":0,"ix":5},"nm":"Transform"}],"nm":"Group 25","np":2,"cix":2,"bm":0,"ix":17,"mn":"ADBE Vector Group","hd":false},{"ty":"gr","it":[{"ind":0,"ty":"sh","ix":1,"ks":{"a":0,"k":{"i":[[0,0],[6.1,8.268],[-2.66,9.792]],"o":[[-10.27,0.452],[-5.91,-8.012],[0,0]],"v":[[-47.051,-3.482],[-73.592,-16.623],[-80.603,-45.703]],"c":false},"ix":2},"nm":"Path 1","mn":"ADBE Vector Shape - Group","hd":false},{"ty":"st","c":{"a":0,"k":[0,0,0,1],"ix":3},"o":{"a":0,"k":100,"ix":4},"w":{"a":0,"k":0.8,"ix":5},"lc":2,"lj":2,"bm":0,"nm":"Stroke 1","mn":"ADBE Vector Graphic - Stroke","hd":false},{"ty":"tr","p":{"a":0,"k":[0,0],"ix":2},"a":{"a":0,"k":[0,0],"ix":1},"s":{"a":0,"k":[100,100],"ix":3},"r":{"a":0,"k":0,"ix":6},"o":{"a":0,"k":100,"ix":7},"sk":{"a":0,"k":0,"ix":4},"sa":{"a":0,"k":0,"ix":5},"nm":"Transform"}],"nm":"Group 26","np":2,"cix":2,"bm":0,"ix":18,"mn":"ADBE Vector Group","hd":false},{"ty":"gr","it":[{"ind":0,"ty":"sh","ix":1,"ks":{"a":0,"k":{"i":[[0,0],[1.931,10.04],[-0.506,10.38],[1.374,4.517],[2.514,3.384],[6.283,0.247],[6.827,-1.65],[3.242,-1.993],[2.178,-3.538],[0.67,-1.972],[-0.051,-1.845],[-5.468,-6.288],[-0.835,-0.791],[-8.181,-0.644],[-0.286,-1.555],[-0.147,-1.24],[-0.451,-2.587],[-1.453,-5.05]],"o":[[-1.932,-10.043],[8.276,-4.417],[0.229,-4.7],[-1.227,-4.02],[-4.047,-5.444],[-7.041,-0.274],[-3.652,0.883],[-3.569,2.196],[-1.09,1.763],[-0.592,1.755],[0.237,8.319],[0.752,0.867],[5.97,5.626],[1.563,0.121],[0.225,1.226],[0.313,2.611],[0.906,5.174],[0,0]],"v":[[-23.417,22.566],[-29.644,-7.349],[-15.19,-30.311],[-16.996,-44.406],[-21.904,-55.659],[-38.391,-64.789],[-59.308,-62.718],[-69.828,-58.674],[-78.348,-49.625],[-81.296,-43.936],[-81.742,-38.257],[-72.9,-15.413],[-70.513,-12.926],[-48.427,-3.097],[-46.372,-1.722],[-45.97,2.039],[-44.823,9.84],[-41.281,25.195]],"c":true},"ix":2},"nm":"Path 1","mn":"ADBE Vector Shape - Group","hd":false},{"ty":"fl","c":{"a":0,"k":[1,1,1,1],"ix":4},"o":{"a":0,"k":100,"ix":5},"r":1,"bm":0,"nm":"Fill 1","mn":"ADBE Vector Graphic - Fill","hd":false},{"ty":"tr","p":{"a":0,"k":[0,0],"ix":2},"a":{"a":0,"k":[0,0],"ix":1},"s":{"a":0,"k":[100,100],"ix":3},"r":{"a":0,"k":0,"ix":6},"o":{"a":0,"k":100,"ix":7},"sk":{"a":0,"k":0,"ix":4},"sa":{"a":0,"k":0,"ix":5},"nm":"Transform"}],"nm":"Group 27","np":2,"cix":2,"bm":0,"ix":19,"mn":"ADBE Vector Group","hd":false},{"ty":"gr","it":[{"ind":0,"ty":"sh","ix":1,"ks":{"a":0,"k":{"i":[[0,0],[3.526,-0.965],[0.041,-6.359],[-6.108,-1.761],[-3.346,5.407]],"o":[[-2.021,-3.045],[-6.134,1.681],[-0.042,6.356],[6.112,1.76],[0,0]],"v":[[-76.223,-40.491],[-86.105,-43.247],[-96.926,-29.154],[-86.291,-14.926],[-69.713,-21.315]],"c":false},"ix":2},"nm":"Path 1","mn":"ADBE Vector Shape - Group","hd":false},{"ty":"st","c":{"a":0,"k":[0,0,0,1],"ix":3},"o":{"a":0,"k":100,"ix":4},"w":{"a":0,"k":0.8,"ix":5},"lc":2,"lj":2,"bm":0,"nm":"Stroke 1","mn":"ADBE Vector Graphic - Stroke","hd":false},{"ty":"tr","p":{"a":0,"k":[0,0],"ix":2},"a":{"a":0,"k":[0,0],"ix":1},"s":{"a":0,"k":[100,100],"ix":3},"r":{"a":0,"k":0,"ix":6},"o":{"a":0,"k":100,"ix":7},"sk":{"a":0,"k":0,"ix":4},"sa":{"a":0,"k":0,"ix":5},"nm":"Transform"}],"nm":"Group 28","np":2,"cix":2,"bm":0,"ix":20,"mn":"ADBE Vector Group","hd":false},{"ty":"gr","it":[{"ind":0,"ty":"sh","ix":1,"ks":{"a":0,"k":{"i":[[0,0],[3.526,-0.965],[0.041,-6.359],[-6.108,-1.761],[-3.346,5.407]],"o":[[-2.021,-3.045],[-6.134,1.681],[-0.042,6.356],[6.112,1.76],[0,0]],"v":[[-76.223,-40.491],[-86.105,-43.247],[-96.926,-29.154],[-86.291,-14.926],[-69.713,-21.315]],"c":false},"ix":2},"nm":"Path 1","mn":"ADBE Vector Shape - Group","hd":false},{"ty":"fl","c":{"a":0,"k":[1,1,1,1],"ix":4},"o":{"a":0,"k":100,"ix":5},"r":1,"bm":0,"nm":"Fill 1","mn":"ADBE Vector Graphic - Fill","hd":false},{"ty":"tr","p":{"a":0,"k":[0,0],"ix":2},"a":{"a":0,"k":[0,0],"ix":1},"s":{"a":0,"k":[100,100],"ix":3},"r":{"a":0,"k":0,"ix":6},"o":{"a":0,"k":100,"ix":7},"sk":{"a":0,"k":0,"ix":4},"sa":{"a":0,"k":0,"ix":5},"nm":"Transform"}],"nm":"Group 29","np":2,"cix":2,"bm":0,"ix":21,"mn":"ADBE Vector Group","hd":false},{"ty":"gr","it":[{"ind":0,"ty":"sh","ix":1,"ks":{"a":0,"k":{"i":[[-1.678,5.986],[1.547,4.298],[-0.76,7.738],[-0.133,3.529],[7.478,2.812],[2.782,-1.59],[-0.584,-1.245],[5.372,-0.437],[3.423,-4.163],[1.583,-5.152],[2.601,-0.931],[1.687,-2.188],[-1.763,-5.269],[-2.186,-3.338],[-1.692,-4.102],[-3.054,-3.353],[-4.519,0.401],[-1.592,-0.2],[-1.549,-0.446],[-3.559,-0.036],[-6.122,3.656]],"o":[[1.18,-4.203],[-2.633,-7.316],[0.345,-3.514],[0.278,-7.367],[-3.025,-1.137],[-0.821,0.469],[-2.29,-4.879],[-5.372,0.437],[-3.423,4.163],[-2.112,-1.781],[-2.601,0.931],[-3.392,4.401],[1.292,3.862],[2.442,3.728],[1.73,4.195],[3.058,3.352],[1.579,-0.14],[1.568,0.197],[3.423,0.99],[7.115,0.073],[5.201,-3.106]],"v":[[-17.705,-22.612],[-17.446,-34.03],[-22.921,-56.476],[-21.196,-66.917],[-32.254,-88.531],[-41.558,-87.646],[-47.383,-81.664],[-60.788,-88.818],[-74.472,-81.045],[-81.586,-66.641],[-89.425,-67.733],[-95.84,-62.666],[-99.321,-47.043],[-92.889,-36.965],[-87.707,-24.676],[-81.008,-12.911],[-69.014,-7.563],[-64.211,-8.032],[-59.564,-6.425],[-49.027,-4.892],[-28.634,-10.289]],"c":true},"ix":2},"nm":"Path 1","mn":"ADBE Vector Shape - Group","hd":false},{"ty":"fl","c":{"a":0,"k":[0.9958,0.4553,0.1642,1],"ix":4},"o":{"a":0,"k":100,"ix":5},"r":1,"bm":0,"nm":"Fill 1","mn":"ADBE Vector Graphic - Fill","hd":false},{"ty":"tr","p":{"a":0,"k":[0,0],"ix":2},"a":{"a":0,"k":[0,0],"ix":1},"s":{"a":0,"k":[100,100],"ix":3},"r":{"a":0,"k":0,"ix":6},"o":{"a":0,"k":100,"ix":7},"sk":{"a":0,"k":0,"ix":4},"sa":{"a":0,"k":0,"ix":5},"nm":"Transform"}],"nm":"Group 30","np":2,"cix":2,"bm":0,"ix":22,"mn":"ADBE Vector Group","hd":false},{"ty":"tr","p":{"a":0,"k":[-34.7,11.398],"ix":2},"a":{"a":0,"k":[-34.7,11.398],"ix":1},"s":{"a":0,"k":[100,100],"ix":3},"r":{"a":1,"k":[{"i":{"x":[0.667],"y":[1]},"o":{"x":[0.333],"y":[0]},"t":10,"s":[0]},{"i":{"x":[0.667],"y":[1]},"o":{"x":[0.333],"y":[0]},"t":20,"s":[5]},{"i":{"x":[0.667],"y":[1]},"o":{"x":[0.333],"y":[0]},"t":30,"s":[-5]},{"i":{"x":[0.667],"y":[1]},"o":{"x":[0.333],"y":[0]},"t":40,"s":[5]},{"t":50,"s":[0]}],"ix":6},"o":{"a":0,"k":100,"ix":7},"sk":{"a":0,"k":0,"ix":4},"sa":{"a":0,"k":0,"ix":5},"nm":"Transform"}],"nm":"Group 11","np":22,"cix":2,"bm":0,"ix":9,"mn":"ADBE Vector Group","hd":false}],"ip":0,"op":120,"st":0,"bm":0}],"markers":[]}