{"v":"5.7.11","fr":25,"ip":0,"op":81,"w":350,"h":350,"nm":"Comp 39","ddd":0,"assets":[],"layers":[{"ddd":0,"ind":1,"ty":4,"nm":"Layer 2","sr":1,"ks":{"o":{"a":0,"k":100,"ix":11},"r":{"a":0,"k":0,"ix":10},"p":{"a":0,"k":[175,175,0],"ix":2,"l":2},"a":{"a":0,"k":[0,0,0],"ix":1,"l":2},"s":{"a":0,"k":[100,100,100],"ix":6,"l":2}},"ao":0,"shapes":[{"ty":"gr","it":[{"ind":0,"ty":"sh","ix":1,"ks":{"a":0,"k":{"i":[[0,0],[0.157,7.288],[0.815,40.972],[-0.157,1.85]],"o":[[0,0],[-0.439,-20.737],[-0.831,-42.069],[0,0]],"v":[[-65.315,100],[-65.566,88.448],[-67.76,-18.511],[-69.139,-100]],"c":false},"ix":2},"nm":"Path 1","mn":"ADBE Vector Shape - Group","hd":false},{"ty":"st","c":{"a":0,"k":[0,0,0,1],"ix":3},"o":{"a":0,"k":100,"ix":4},"w":{"a":0,"k":0.784,"ix":5},"lc":2,"lj":2,"bm":0,"nm":"Stroke 1","mn":"ADBE Vector Graphic - Stroke","hd":false},{"ty":"tr","p":{"a":0,"k":[0,0],"ix":2},"a":{"a":0,"k":[0,0],"ix":1},"s":{"a":0,"k":[100,100],"ix":3},"r":{"a":0,"k":0,"ix":6},"o":{"a":0,"k":100,"ix":7},"sk":{"a":0,"k":0,"ix":4},"sa":{"a":0,"k":0,"ix":5},"nm":"Transform"}],"nm":"Group 1","np":2,"cix":2,"bm":0,"ix":1,"mn":"ADBE Vector Group","hd":false}],"ip":0,"op":120,"st":0,"bm":0},{"ddd":0,"ind":2,"ty":4,"nm":"Layer 4","td":1,"sr":1,"ks":{"o":{"a":0,"k":100,"ix":11},"r":{"a":0,"k":0,"ix":10},"p":{"a":0,"k":[175,175,0],"ix":2,"l":2},"a":{"a":0,"k":[0,0,0],"ix":1,"l":2},"s":{"a":0,"k":[100,100,100],"ix":6,"l":2}},"ao":0,"shapes":[{"ty":"gr","it":[{"ind":0,"ty":"sh","ix":1,"ks":{"a":0,"k":{"i":[[0,0],[0,0],[0,0],[0,0],[0,0],[0.157,7.288],[0.815,40.972],[-0.157,1.85]],"o":[[0,0],[0,0],[0,0],[0,0],[0,0],[-0.439,-20.737],[-0.831,-42.069],[0,0]],"v":[[-69.635,-101.004],[-219.769,-101.004],[-219.769,124.734],[-65.599,124.734],[-65.315,100],[-65.566,88.448],[-67.76,-18.511],[-69.139,-100]],"c":false},"ix":2},"nm":"Path 1","mn":"ADBE Vector Shape - Group","hd":false},{"ty":"fl","c":{"a":0,"k":[1,0.3961,0.0667,1],"ix":4},"o":{"a":0,"k":100,"ix":5},"r":1,"bm":0,"nm":"Fill 1","mn":"ADBE Vector Graphic - Fill","hd":false},{"ty":"tr","p":{"a":0,"k":[0,0],"ix":2},"a":{"a":0,"k":[0,0],"ix":1},"s":{"a":0,"k":[100,100],"ix":3},"r":{"a":0,"k":0,"ix":6},"o":{"a":0,"k":100,"ix":7},"sk":{"a":0,"k":0,"ix":4},"sa":{"a":0,"k":0,"ix":5},"nm":"Transform"}],"nm":"Group 1","np":2,"cix":2,"bm":0,"ix":1,"mn":"ADBE Vector Group","hd":false}],"ip":0,"op":120,"st":0,"bm":0},{"ddd":0,"ind":3,"ty":4,"nm":"Layer 3","tt":2,"sr":1,"ks":{"o":{"a":0,"k":100,"ix":11},"r":{"a":0,"k":0,"ix":10},"p":{"a":1,"k":[{"i":{"x":0.667,"y":1},"o":{"x":0.333,"y":0},"t":0,"s":[143.333,175,0],"to":[5.278,0,0],"ti":[-5.278,0,0]},{"i":{"x":0.667,"y":0.667},"o":{"x":0.333,"y":0.333},"t":15,"s":[175,175,0],"to":[0,0,0],"ti":[0,0,0]},{"i":{"x":0.667,"y":1},"o":{"x":0.333,"y":0},"t":60,"s":[175,175,0],"to":[-5.278,0,0],"ti":[5.278,0,0]},{"t":74,"s":[143.333,175,0]}],"ix":2,"l":2},"a":{"a":0,"k":[0,0,0],"ix":1,"l":2},"s":{"a":0,"k":[100,100,100],"ix":6,"l":2}},"ao":0,"shapes":[{"ty":"gr","it":[{"ty":"gr","it":[{"ty":"gr","it":[{"ty":"gr","it":[{"ind":0,"ty":"sh","ix":1,"ks":{"a":0,"k":{"i":[[-2.813,-0.211],[-1.691,3.324],[-0.097,1.378],[1.602,4.604],[1.524,1.45],[3.385,-0.2],[0.843,-0.753],[-0.497,-1.015],[-1.36,-0.187],[-1.974,-0.271],[2.56,0.007],[1.342,-1.66],[-0.954,-1.29],[-2.07,-0.186],[-3.184,-0.136],[1.735,-3.482],[-1.11,-0.96],[-1.228,-0.118],[-2.512,0.074],[1.175,-0.171],[0.749,-0.921]],"o":[[3.054,0.229],[0.626,-1.232],[0.343,-4.863],[-0.691,-1.987],[-2.587,-2.462],[-1.128,0.067],[-0.843,0.753],[0.604,1.232],[1.974,0.271],[-2.525,-0.346],[-1.873,-0.005],[-1.008,1.248],[1.381,1.866],[3.174,0.285],[-3.055,-0.43],[-0.655,1.314],[0.933,0.807],[2.501,0.241],[-1.181,-0.122],[-1.175,0.171],[-2.974,3.66]],"v":[[47.839,11.497],[56.099,9.466],[57.008,5.451],[55.094,-8.947],[51.977,-14.363],[41.382,-17.02],[38.247,-15.908],[37.475,-12.847],[41.01,-11.096],[48.408,-9.969],[39.304,-11.326],[33.95,-10.051],[33.855,-5.58],[40.246,-3.87],[49.788,-3.248],[37.763,-1.406],[38.514,2.615],[41.977,3.73],[49.506,3.98],[45.954,3.908],[42.86,5.499]],"c":true},"ix":2},"nm":"Path 1","mn":"ADBE Vector Shape - Group","hd":false},{"ty":"st","c":{"a":0,"k":[0,0,0,1],"ix":3},"o":{"a":0,"k":100,"ix":4},"w":{"a":0,"k":0.784,"ix":5},"lc":2,"lj":2,"bm":0,"nm":"Stroke 1","mn":"ADBE Vector Graphic - Stroke","hd":false},{"ty":"fl","c":{"a":0,"k":[1,1,1,1],"ix":4},"o":{"a":0,"k":100,"ix":5},"r":1,"bm":0,"nm":"Fill 1","mn":"ADBE Vector Graphic - Fill","hd":false},{"ty":"tr","p":{"a":0,"k":[0,0],"ix":2},"a":{"a":0,"k":[0,0],"ix":1},"s":{"a":0,"k":[100,100],"ix":3},"r":{"a":0,"k":0,"ix":6},"o":{"a":0,"k":100,"ix":7},"sk":{"a":0,"k":0,"ix":4},"sa":{"a":0,"k":0,"ix":5},"nm":"Transform"}],"nm":"Group 1","np":3,"cix":2,"bm":0,"ix":1,"mn":"ADBE Vector Group","hd":false},{"ty":"tr","p":{"a":0,"k":[0,0],"ix":2},"a":{"a":0,"k":[0,0],"ix":1},"s":{"a":0,"k":[100,100],"ix":3},"r":{"a":0,"k":0,"ix":6},"o":{"a":0,"k":100,"ix":7},"sk":{"a":0,"k":0,"ix":4},"sa":{"a":0,"k":0,"ix":5},"nm":"Transform"}],"nm":"Group 1","np":1,"cix":2,"bm":0,"ix":1,"mn":"ADBE Vector Group","hd":false},{"ty":"gr","it":[{"ty":"gr","it":[{"ty":"gr","it":[{"ind":0,"ty":"sh","ix":1,"ks":{"a":0,"k":{"i":[[5.384,-5.103],[4.634,-0.297],[4.247,5.723],[-3.352,6.472],[-1.532,1.509],[-3.047,0.866],[-0.022,-0.012],[-4.369,-1.971],[-1.497,-5.241]],"o":[[-3.678,3.473],[-6.374,0.42],[-4.323,-5.843],[0.986,-1.915],[2.404,-2.365],[0.015,0.008],[4.38,-1.268],[4.875,2.211],[1.993,6.915]],"v":[[41.475,-29.077],[28.564,-23.386],[11.516,-31.295],[9.802,-51.944],[13.634,-57.086],[21.948,-61.989],[21.997,-61.99],[35.526,-60.982],[46.1,-49.36]],"c":true},"ix":2},"nm":"Path 1","mn":"ADBE Vector Shape - Group","hd":false},{"ind":1,"ty":"sh","ix":2,"ks":{"a":0,"k":{"i":[[2.473,8.601],[6.076,2.732],[7.289,-7.215],[1.227,-2.373],[-5.388,-7.276],[-10.817,10.273]],"o":[[-1.862,-6.505],[-9.212,-4.154],[-1.895,1.877],[-4.172,8.03],[9.121,12.301],[6.697,-6.361]],"v":[[50.441,-50.996],[37.285,-65.434],[10.059,-60.602],[5.313,-54.194],[7.439,-28.52],[44.687,-25.75]],"c":true},"ix":2},"nm":"Path 2","mn":"ADBE Vector Shape - Group","hd":false},{"ty":"fl","c":{"a":0,"k":[1,0.805,0.7,1],"ix":4},"o":{"a":0,"k":100,"ix":5},"r":1,"bm":0,"nm":"Fill 1","mn":"ADBE Vector Graphic - Fill","hd":false},{"ty":"tr","p":{"a":0,"k":[0,0],"ix":2},"a":{"a":0,"k":[0,0],"ix":1},"s":{"a":0,"k":[100,100],"ix":3},"r":{"a":0,"k":0,"ix":6},"o":{"a":0,"k":100,"ix":7},"sk":{"a":0,"k":0,"ix":4},"sa":{"a":0,"k":0,"ix":5},"nm":"Transform"}],"nm":"Group 1","np":3,"cix":2,"bm":0,"ix":1,"mn":"ADBE Vector Group","hd":false},{"ty":"gr","it":[{"ind":0,"ty":"sh","ix":1,"ks":{"a":0,"k":{"i":[[4.383,-1.267],[-3.016,-1.357],[-1.482,-5.227],[5.384,-5.105],[1.218,-0.758],[1.304,-0.489],[0.208,-0.071],[0.18,-0.086],[-0.074,0.008],[-0.164,0.022],[-0.326,0.059],[-0.642,0.183],[-1.204,0.618],[-1.089,0.865],[-0.446,0.421],[1.993,6.911],[4.876,2.211]],"o":[[3.162,-0.21],[4.907,2.203],[1.981,6.93],[-1.034,0.994],[-1.182,0.735],[-0.206,0.077],[-0.189,0.064],[0.038,0.047],[0.165,-0.018],[0.329,-0.043],[0.656,-0.119],[1.302,-0.371],[1.237,-0.635],[0.48,-0.382],[5.384,-5.105],[-1.501,-5.239],[-4.367,-1.973]],"v":[[21.995,-61.986],[31.372,-60.253],[41.958,-48.652],[37.324,-28.346],[33.933,-25.711],[30.191,-23.871],[29.569,-23.648],[29.008,-23.414],[29.393,-23.455],[29.886,-23.513],[30.869,-23.667],[32.818,-24.122],[36.588,-25.612],[40.087,-27.869],[41.477,-29.074],[46.1,-49.36],[35.525,-60.981]],"c":true},"ix":2},"nm":"Path 1","mn":"ADBE Vector Shape - Group","hd":false},{"ty":"fl","c":{"a":0,"k":[0,0,0,1],"ix":4},"o":{"a":0,"k":100,"ix":5},"r":1,"bm":0,"nm":"Fill 1","mn":"ADBE Vector Graphic - Fill","hd":false},{"ty":"tr","p":{"a":0,"k":[0,0],"ix":2},"a":{"a":0,"k":[0,0],"ix":1},"s":{"a":0,"k":[100,100],"ix":3},"r":{"a":0,"k":0,"ix":6},"o":{"a":0,"k":100,"ix":7},"sk":{"a":0,"k":0,"ix":4},"sa":{"a":0,"k":0,"ix":5},"nm":"Transform"}],"nm":"Group 2","np":2,"cix":2,"bm":0,"ix":2,"mn":"ADBE Vector Group","hd":false},{"ty":"gr","it":[{"ind":0,"ty":"sh","ix":1,"ks":{"a":0,"k":{"i":[[0.032,0.242],[0.043,0.107],[1.078,0.7],[1.401,2.153],[0.999,3.042],[-0.776,3.106],[-2.341,2.192],[-2.872,1.427],[-2.725,0.553],[-2.215,0.481],[-0.242,0.278],[0.922,0.147],[2.478,-0.376],[3.631,-3.594],[1.229,-2.37],[-5.391,-7.27],[-3.922,-1.704],[-1.454,0.129],[-0.164,0.158]],"o":[[-0.015,-0.117],[-0.514,-1.286],[-2.155,-1.398],[-1.747,-2.683],[-0.999,-3.042],[0.777,-3.112],[2.341,-2.192],[2.49,-1.237],[2.222,-0.451],[0.36,-0.078],[1.003,-1.151],[-2.475,-0.394],[-5.054,0.767],[-1.897,1.878],[-4.167,8.034],[2.544,3.431],[1.291,0.561],[0.227,-0.02],[0.171,-0.165]],"v":[[18.984,-21.26],[18.894,-21.6],[15.687,-24.135],[10.583,-29.829],[6.225,-38.357],[5.642,-47.817],[10.645,-55.882],[18.647,-61.163],[26.453,-64.034],[33.174,-65.06],[34.159,-65.519],[27.916,-68.144],[20.429,-68.175],[7.024,-61.413],[2.272,-55.006],[4.401,-29.332],[14.265,-21.436],[18.169,-20.387],[18.803,-20.609]],"c":true},"ix":2},"nm":"Path 1","mn":"ADBE Vector Shape - Group","hd":false},{"ty":"fl","c":{"a":0,"k":[0,0,0,1],"ix":4},"o":{"a":0,"k":100,"ix":5},"r":1,"bm":0,"nm":"Fill 1","mn":"ADBE Vector Graphic - Fill","hd":false},{"ty":"tr","p":{"a":0,"k":[0,0],"ix":2},"a":{"a":0,"k":[0,0],"ix":1},"s":{"a":0,"k":[100,100],"ix":3},"r":{"a":0,"k":0,"ix":6},"o":{"a":0,"k":100,"ix":7},"sk":{"a":0,"k":0,"ix":4},"sa":{"a":0,"k":0,"ix":5},"nm":"Transform"}],"nm":"Group 3","np":2,"cix":2,"bm":0,"ix":3,"mn":"ADBE Vector Group","hd":false},{"ty":"tr","p":{"a":0,"k":[0,0],"ix":2},"a":{"a":0,"k":[0,0],"ix":1},"s":{"a":0,"k":[100,100],"ix":3},"r":{"a":0,"k":0,"ix":6},"o":{"a":0,"k":100,"ix":7},"sk":{"a":0,"k":0,"ix":4},"sa":{"a":0,"k":0,"ix":5},"nm":"Transform"}],"nm":"Group 2","np":3,"cix":2,"bm":0,"ix":1,"mn":"ADBE Vector Group","hd":false},{"ty":"gr","it":[{"ind":0,"ty":"sh","ix":1,"ks":{"a":0,"k":{"i":[[0,0],[-2.983,-8.597],[-3.194,-5.16],[-1.836,-0.706],[-1.311,0.045],[-0.218,0.196],[-0.053,0.234],[0.812,2.777],[3.194,8.163],[2.26,5.382]],"o":[[2.983,8.597],[1.971,5.681],[1.035,1.672],[1.224,0.471],[0.293,-0.01],[0.178,-0.16],[0.643,-2.821],[-2.461,-8.414],[-2.127,-5.436],[0,0]],"v":[[28.079,-20.601],[37.029,5.19],[44.306,21.581],[48.405,25.674],[52.292,26.061],[53.122,25.835],[53.424,25.196],[52.436,16.673],[43.442,-8.087],[36.861,-24.314]],"c":false},"ix":2},"nm":"Path 1","mn":"ADBE Vector Shape - Group","hd":false},{"ty":"fl","c":{"a":0,"k":[0,0,0,1],"ix":4},"o":{"a":0,"k":100,"ix":5},"r":1,"bm":0,"nm":"Fill 1","mn":"ADBE Vector Graphic - Fill","hd":false},{"ty":"tr","p":{"a":0,"k":[0,0],"ix":2},"a":{"a":0,"k":[0,0],"ix":1},"s":{"a":0,"k":[100,100],"ix":3},"r":{"a":0,"k":0,"ix":6},"o":{"a":0,"k":100,"ix":7},"sk":{"a":0,"k":0,"ix":4},"sa":{"a":0,"k":0,"ix":5},"nm":"Transform"}],"nm":"Group 3","np":2,"cix":2,"bm":0,"ix":2,"mn":"ADBE Vector Group","hd":false},{"ty":"tr","p":{"a":0,"k":[40.326,-3.181],"ix":2},"a":{"a":0,"k":[40.326,-3.181],"ix":1},"s":{"a":0,"k":[100,100],"ix":3},"r":{"a":1,"k":[{"i":{"x":[0.667],"y":[1]},"o":{"x":[0.333],"y":[0]},"t":10,"s":[10]},{"i":{"x":[0.667],"y":[1]},"o":{"x":[0.333],"y":[0]},"t":21,"s":[0]},{"i":{"x":[0.667],"y":[1]},"o":{"x":[0.333],"y":[0]},"t":30,"s":[0]},{"i":{"x":[0.667],"y":[1]},"o":{"x":[0.333],"y":[0]},"t":40,"s":[-7]},{"i":{"x":[0.667],"y":[1]},"o":{"x":[0.333],"y":[0]},"t":50,"s":[0]},{"t":60,"s":[10]}],"ix":6},"o":{"a":0,"k":100,"ix":7},"sk":{"a":0,"k":0,"ix":4},"sa":{"a":0,"k":0,"ix":5},"nm":"Transform"}],"nm":"Group 2","np":2,"cix":2,"bm":0,"ix":2,"mn":"ADBE Vector Group","hd":false},{"ty":"tr","p":{"a":0,"k":[47.713,-3.515],"ix":2},"a":{"a":0,"k":[47.713,-3.515],"ix":1},"s":{"a":0,"k":[100,100],"ix":3},"r":{"a":1,"k":[{"i":{"x":[0.667],"y":[1]},"o":{"x":[0.333],"y":[0]},"t":10,"s":[15]},{"i":{"x":[0.667],"y":[1]},"o":{"x":[0.333],"y":[0]},"t":21,"s":[0]},{"i":{"x":[0.667],"y":[1]},"o":{"x":[0.333],"y":[0]},"t":30,"s":[0]},{"i":{"x":[0.667],"y":[1]},"o":{"x":[0.333],"y":[0]},"t":40,"s":[-10]},{"i":{"x":[0.667],"y":[1]},"o":{"x":[0.333],"y":[0]},"t":50,"s":[0]},{"t":60,"s":[15]}],"ix":6},"o":{"a":0,"k":100,"ix":7},"sk":{"a":0,"k":0,"ix":4},"sa":{"a":0,"k":0,"ix":5},"nm":"Transform"}],"nm":"Group 9","np":2,"cix":2,"bm":0,"ix":1,"mn":"ADBE Vector Group","hd":false},{"ty":"gr","it":[{"ind":0,"ty":"sh","ix":1,"ks":{"a":0,"k":{"i":[[0,0],[-1.061,-2.523]],"o":[[1.166,2.476],[0,0]],"v":[[23.871,35.056],[27.211,42.556]],"c":false},"ix":2},"nm":"Path 1","mn":"ADBE Vector Shape - Group","hd":false},{"ty":"st","c":{"a":0,"k":[0,0,0,1],"ix":3},"o":{"a":0,"k":100,"ix":4},"w":{"a":0,"k":0.784,"ix":5},"lc":2,"lj":2,"bm":0,"nm":"Stroke 1","mn":"ADBE Vector Graphic - Stroke","hd":false},{"ty":"tr","p":{"a":0,"k":[0,0],"ix":2},"a":{"a":0,"k":[0,0],"ix":1},"s":{"a":0,"k":[100,100],"ix":3},"r":{"a":0,"k":0,"ix":6},"o":{"a":0,"k":100,"ix":7},"sk":{"a":0,"k":0,"ix":4},"sa":{"a":0,"k":0,"ix":5},"nm":"Transform"}],"nm":"Group 7","np":2,"cix":2,"bm":0,"ix":2,"mn":"ADBE Vector Group","hd":false},{"ty":"gr","it":[{"ind":0,"ty":"sh","ix":1,"ks":{"a":0,"k":{"i":[[0,0],[-0.005,-0.006],[-0.417,1.77],[-0.83,4.206],[-1.361,4.755],[-2.12,-1.329],[-0.043,-8.461],[8.685,-7.279],[0,0]],"o":[[0,0],[-1.09,-1.214],[0.983,-4.172],[0.958,-4.853],[2.572,-0.287],[7.887,4.944],[0.056,10.918],[-17.578,14.733],[0,0]],"v":[[-5.544,2.168],[24.327,35.447],[26.959,22.453],[30.392,10.262],[33.874,-4.158],[42.817,0.962],[51.708,31.138],[40.157,60.962],[-12.743,44.227]],"c":false},"ix":2},"nm":"Path 1","mn":"ADBE Vector Shape - Group","hd":false},{"ty":"fl","c":{"a":0,"k":[1,0.3961,0.0667,1],"ix":4},"o":{"a":0,"k":100,"ix":5},"r":1,"bm":0,"nm":"Fill 1","mn":"ADBE Vector Graphic - Fill","hd":false},{"ty":"tr","p":{"a":0,"k":[0,0],"ix":2},"a":{"a":0,"k":[0,0],"ix":1},"s":{"a":0,"k":[100,100],"ix":3},"r":{"a":0,"k":0,"ix":6},"o":{"a":0,"k":100,"ix":7},"sk":{"a":0,"k":0,"ix":4},"sa":{"a":0,"k":0,"ix":5},"nm":"Transform"}],"nm":"Group 8","np":2,"cix":2,"bm":0,"ix":3,"mn":"ADBE Vector Group","hd":false},{"ty":"tr","p":{"a":0,"k":[-13.156,0.554],"ix":2},"a":{"a":0,"k":[-13.156,0.554],"ix":1},"s":{"a":0,"k":[100,100],"ix":3},"r":{"a":1,"k":[{"i":{"x":[0.667],"y":[1]},"o":{"x":[0.333],"y":[0]},"t":10,"s":[9]},{"i":{"x":[0.667],"y":[1]},"o":{"x":[0.333],"y":[0]},"t":21,"s":[0]},{"i":{"x":[0.667],"y":[1]},"o":{"x":[0.333],"y":[0]},"t":30,"s":[0]},{"i":{"x":[0.667],"y":[1]},"o":{"x":[0.333],"y":[0]},"t":40,"s":[11]},{"i":{"x":[0.667],"y":[1]},"o":{"x":[0.333],"y":[0]},"t":50,"s":[0]},{"t":60,"s":[9]}],"ix":6},"o":{"a":0,"k":100,"ix":7},"sk":{"a":0,"k":0,"ix":4},"sa":{"a":0,"k":0,"ix":5},"nm":"Transform"}],"nm":"Group 7","np":3,"cix":2,"bm":0,"ix":1,"mn":"ADBE Vector Group","hd":false},{"ty":"gr","it":[{"ind":0,"ty":"sh","ix":1,"ks":{"a":0,"k":{"i":[[0,0],[2.853,2.15],[0.862,-2.52],[-1.063,-2.442],[-0.662,-0.528],[-2.238,0.5]],"o":[[-2.237,-2.785],[-1.451,2.234],[-0.862,2.52],[0.338,0.777],[1.793,1.43],[0,0]],"v":[[-14.035,22.475],[-21.71,15.033],[-25.488,22.049],[-25.494,29.857],[-24.022,31.897],[-17.403,32.4]],"c":false},"ix":2},"nm":"Path 1","mn":"ADBE Vector Shape - Group","hd":false},{"ty":"st","c":{"a":0,"k":[0,0,0,1],"ix":3},"o":{"a":0,"k":100,"ix":4},"w":{"a":0,"k":0.784,"ix":5},"lc":2,"lj":2,"bm":0,"nm":"Stroke 1","mn":"ADBE Vector Graphic - Stroke","hd":false},{"ty":"tr","p":{"a":0,"k":[0,0],"ix":2},"a":{"a":0,"k":[0,0],"ix":1},"s":{"a":0,"k":[100,100],"ix":3},"r":{"a":0,"k":0,"ix":6},"o":{"a":0,"k":100,"ix":7},"sk":{"a":0,"k":0,"ix":4},"sa":{"a":0,"k":0,"ix":5},"nm":"Transform"}],"nm":"Group 2","np":2,"cix":2,"bm":0,"ix":2,"mn":"ADBE Vector Group","hd":false},{"ty":"gr","it":[{"ind":0,"ty":"sh","ix":1,"ks":{"a":0,"k":{"i":[[0,0],[-0.594,-0.623],[-1.84,-1.5]],"o":[[0.086,0.856],[1.638,1.718],[0,0]],"v":[[-22.324,-15.983],[-21.035,-13.804],[-15.811,-8.97]],"c":false},"ix":2},"nm":"Path 1","mn":"ADBE Vector Shape - Group","hd":false},{"ty":"st","c":{"a":0,"k":[0,0,0,1],"ix":3},"o":{"a":0,"k":100,"ix":4},"w":{"a":0,"k":0.784,"ix":5},"lc":2,"lj":2,"bm":0,"nm":"Stroke 1","mn":"ADBE Vector Graphic - Stroke","hd":false},{"ty":"tr","p":{"a":0,"k":[0,0],"ix":2},"a":{"a":0,"k":[0,0],"ix":1},"s":{"a":0,"k":[100,100],"ix":3},"r":{"a":0,"k":0,"ix":6},"o":{"a":0,"k":100,"ix":7},"sk":{"a":0,"k":0,"ix":4},"sa":{"a":0,"k":0,"ix":5},"nm":"Transform"}],"nm":"Group 3","np":2,"cix":2,"bm":0,"ix":3,"mn":"ADBE Vector Group","hd":false},{"ty":"gr","it":[{"ind":0,"ty":"sh","ix":1,"ks":{"a":0,"k":{"i":[[0,0],[-0.832,1.378],[-1.604,-0.126],[-1.38,-0.828],[-1.979,-5.595],[0.54,-0.951],[1.138,-0.087],[1.962,3.082]],"o":[[-1.504,-0.572],[0.832,-1.378],[1.604,0.126],[5.09,3.052],[0.365,1.031],[-0.563,0.992],[-3.643,0.279],[0,0]],"v":[[-21.637,-11.394],[-22.789,-15.467],[-18.603,-17.336],[-14.131,-15.636],[-2.691,-2.458],[-2.597,0.718],[-5.544,2.168],[-14.877,-2.499]],"c":false},"ix":2},"nm":"Path 1","mn":"ADBE Vector Shape - Group","hd":false},{"ty":"fl","c":{"a":0,"k":[1,0.3961,0.0667,1],"ix":4},"o":{"a":0,"k":100,"ix":5},"r":1,"bm":0,"nm":"Fill 1","mn":"ADBE Vector Graphic - Fill","hd":false},{"ty":"tr","p":{"a":0,"k":[0,0],"ix":2},"a":{"a":0,"k":[0,0],"ix":1},"s":{"a":0,"k":[100,100],"ix":3},"r":{"a":0,"k":0,"ix":6},"o":{"a":0,"k":100,"ix":7},"sk":{"a":0,"k":0,"ix":4},"sa":{"a":0,"k":0,"ix":5},"nm":"Transform"}],"nm":"Group 4","np":2,"cix":2,"bm":0,"ix":4,"mn":"ADBE Vector Group","hd":false},{"ty":"gr","it":[{"ind":0,"ty":"sh","ix":1,"ks":{"a":0,"k":{"i":[[2.696,-7.68],[2.273,-3.793],[24.404,-2.382],[1.646,0.235],[0.815,40.972],[-9.122,-0.173],[-1.755,-0.376],[-4.765,-4.499],[-3.448,-7.398]],"o":[[-1.458,4.185],[-11.724,19.702],[-1.646,0.157],[-0.439,-20.737],[7.884,-4.185],[1.803,0.031],[6.52,1.379],[5.941,5.596],[3.323,7.163]],"v":[[0.579,31.16],[-5.158,43.119],[-60.566,88.464],[-65.566,88.448],[-67.76,-18.511],[-40.44,-22.9],[-35.064,-22.445],[-17.65,-12.335],[-3.262,7.257]],"c":true},"ix":2},"nm":"Path 1","mn":"ADBE Vector Shape - Group","hd":false},{"ty":"fl","c":{"a":0,"k":[1,0.3961,0.0667,1],"ix":4},"o":{"a":0,"k":100,"ix":5},"r":1,"bm":0,"nm":"Fill 1","mn":"ADBE Vector Graphic - Fill","hd":false},{"ty":"tr","p":{"a":0,"k":[0,0],"ix":2},"a":{"a":0,"k":[0,0],"ix":1},"s":{"a":0,"k":[100,100],"ix":3},"r":{"a":0,"k":0,"ix":6},"o":{"a":0,"k":100,"ix":7},"sk":{"a":0,"k":0,"ix":4},"sa":{"a":0,"k":0,"ix":5},"nm":"Transform"}],"nm":"Group 5","np":2,"cix":2,"bm":0,"ix":5,"mn":"ADBE Vector Group","hd":false},{"ty":"gr","it":[{"ty":"gr","it":[{"ty":"gr","it":[{"ind":0,"ty":"sh","ix":1,"ks":{"a":0,"k":{"i":[[0,0],[1.951,1.207]],"o":[[-2.166,-0.758],[0,0]],"v":[[0.86,-30.827],[-5.34,-33.787]],"c":false},"ix":2},"nm":"Path 1","mn":"ADBE Vector Shape - Group","hd":false},{"ty":"st","c":{"a":0,"k":[0,0,0,1],"ix":3},"o":{"a":0,"k":100,"ix":4},"w":{"a":0,"k":0.784,"ix":5},"lc":2,"lj":2,"bm":0,"nm":"Stroke 1","mn":"ADBE Vector Graphic - Stroke","hd":false},{"ty":"tr","p":{"a":0,"k":[0,0],"ix":2},"a":{"a":0,"k":[0,0],"ix":1},"s":{"a":0,"k":[100,100],"ix":3},"r":{"a":0,"k":0,"ix":6},"o":{"a":0,"k":100,"ix":7},"sk":{"a":0,"k":0,"ix":4},"sa":{"a":0,"k":0,"ix":5},"nm":"Transform"}],"nm":"Group 1","np":2,"cix":2,"bm":0,"ix":1,"mn":"ADBE Vector Group","hd":false},{"ty":"gr","it":[{"ind":0,"ty":"sh","ix":1,"ks":{"a":0,"k":{"i":[[0.516,-2.041],[-1.173,-0.297],[-0.516,2.041],[1.173,0.297]],"o":[[-0.516,2.041],[1.173,0.297],[0.516,-2.041],[-1.173,-0.297]],"v":[[-7.282,-46.839],[-6.092,-42.607],[-3.033,-45.764],[-4.222,-49.997]],"c":true},"ix":2},"nm":"Path 1","mn":"ADBE Vector Shape - Group","hd":false},{"ty":"fl","c":{"a":0,"k":[0.0999,0.087,0.0801,1],"ix":4},"o":{"a":0,"k":100,"ix":5},"r":1,"bm":0,"nm":"Fill 1","mn":"ADBE Vector Graphic - Fill","hd":false},{"ty":"tr","p":{"a":1,"k":[{"i":{"x":0.667,"y":1},"o":{"x":0.333,"y":0},"t":10,"s":[-5.157,-46.302],"to":[-0.067,0.122],"ti":[0.067,-0.122]},{"i":{"x":0.667,"y":0.667},"o":{"x":0.333,"y":0.333},"t":21,"s":[-5.56,-45.572],"to":[0,0],"ti":[0,0]},{"i":{"x":0.667,"y":0.667},"o":{"x":0.167,"y":0.167},"t":30,"s":[-5.56,-45.572],"to":[0,0],"ti":[0,0]},{"i":{"x":0.667,"y":1},"o":{"x":0.167,"y":0},"t":50,"s":[-5.56,-45.572],"to":[0.067,-0.122],"ti":[-0.067,0.122]},{"t":60,"s":[-5.157,-46.302]}],"ix":2},"a":{"a":0,"k":[-5.157,-46.302],"ix":1},"s":{"a":1,"k":[{"i":{"x":[0.833,0.833],"y":[0.833,0.833]},"o":{"x":[0.167,0.167],"y":[0.167,0.167]},"t":0,"s":[100,100]},{"i":{"x":[0.833,0.833],"y":[0.833,0.833]},"o":{"x":[0.167,0.167],"y":[0.167,0.167]},"t":5,"s":[20,20]},{"t":10,"s":[100,100]}],"ix":3},"r":{"a":0,"k":0,"ix":6},"o":{"a":0,"k":100,"ix":7},"sk":{"a":0,"k":0,"ix":4},"sa":{"a":0,"k":0,"ix":5},"nm":"Transform"}],"nm":"Group 27","np":2,"cix":2,"bm":0,"ix":2,"mn":"ADBE Vector Group","hd":false},{"ty":"gr","it":[{"ind":0,"ty":"sh","ix":1,"ks":{"a":0,"k":{"i":[[0.535,-2.113],[-1.122,-0.284],[-0.535,2.113],[1.122,0.284]],"o":[[-0.535,2.113],[1.122,0.284],[0.535,-2.113],[-1.122,-0.284]],"v":[[6.675,-42.804],[7.738,-38.464],[10.737,-41.776],[9.674,-46.116]],"c":true},"ix":2},"nm":"Path 1","mn":"ADBE Vector Shape - Group","hd":false},{"ty":"fl","c":{"a":0,"k":[0.0999,0.087,0.0801,1],"ix":4},"o":{"a":0,"k":100,"ix":5},"r":1,"bm":0,"nm":"Fill 1","mn":"ADBE Vector Graphic - Fill","hd":false},{"ty":"tr","p":{"a":1,"k":[{"i":{"x":0.667,"y":1},"o":{"x":0.333,"y":0},"t":10,"s":[8.706,-42.29],"to":[-0.102,-0.126],"ti":[0.102,0.126]},{"i":{"x":0.667,"y":0.667},"o":{"x":0.333,"y":0.333},"t":21,"s":[8.095,-43.046],"to":[0,0],"ti":[0,0]},{"i":{"x":0.667,"y":0.667},"o":{"x":0.167,"y":0.167},"t":30,"s":[8.095,-43.046],"to":[0,0],"ti":[0,0]},{"i":{"x":0.667,"y":1},"o":{"x":0.167,"y":0},"t":50,"s":[8.095,-43.046],"to":[0.102,0.126],"ti":[-0.102,-0.126]},{"t":60,"s":[8.706,-42.29]}],"ix":2},"a":{"a":0,"k":[8.706,-42.29],"ix":1},"s":{"a":1,"k":[{"i":{"x":[0.833,0.833],"y":[0.833,0.833]},"o":{"x":[0.167,0.167],"y":[0.167,0.167]},"t":0,"s":[100,100]},{"i":{"x":[0.833,0.833],"y":[0.833,0.833]},"o":{"x":[0.167,0.167],"y":[0.167,0.167]},"t":5,"s":[20,20]},{"i":{"x":[0.833,0.833],"y":[0.833,0.833]},"o":{"x":[0.167,0.167],"y":[0.167,0.167]},"t":10,"s":[100,100]},{"i":{"x":[0.833,0.833],"y":[0.833,0.833]},"o":{"x":[0.167,0.167],"y":[0.167,0.167]},"t":21,"s":[100,100]},{"i":{"x":[0.833,0.833],"y":[0.833,0.833]},"o":{"x":[0.167,0.167],"y":[0.167,0.167]},"t":26,"s":[165,165]},{"i":{"x":[0.833,0.833],"y":[0.833,0.833]},"o":{"x":[0.167,0.167],"y":[0.167,0.167]},"t":50,"s":[165,165]},{"t":55,"s":[100,100]}],"ix":3},"r":{"a":0,"k":0,"ix":6},"o":{"a":0,"k":100,"ix":7},"sk":{"a":0,"k":0,"ix":4},"sa":{"a":0,"k":0,"ix":5},"nm":"Transform"}],"nm":"Group 28","np":2,"cix":2,"bm":0,"ix":3,"mn":"ADBE Vector Group","hd":false},{"ty":"gr","it":[{"ind":0,"ty":"sh","ix":1,"ks":{"a":0,"k":{"i":[[0.183,0.056],[0.837,-0.718],[-0.097,-0.407],[-0.299,-0.19],[-0.884,-0.154],[-0.76,0.142],[1.062,0.716],[0.758,0.211]],"o":[[-0.976,-0.299],[-0.318,0.273],[0.082,0.345],[0.758,0.48],[0.758,0.132],[1.029,-0.192],[-0.662,-0.446],[-0.172,-0.048]],"v":[[11.424,-51.87],[8.518,-51.767],[8.068,-50.661],[8.741,-49.872],[11.275,-49.022],[13.615,-48.967],[14.138,-50.77],[11.957,-51.711]],"c":true},"ix":2},"nm":"Path 1","mn":"ADBE Vector Shape - Group","hd":false},{"ty":"fl","c":{"a":0,"k":[0,0,0,1],"ix":4},"o":{"a":0,"k":100,"ix":5},"r":1,"bm":0,"nm":"Fill 1","mn":"ADBE Vector Graphic - Fill","hd":false},{"ty":"tr","p":{"a":0,"k":[0,0],"ix":2},"a":{"a":0,"k":[0,0],"ix":1},"s":{"a":0,"k":[100,100],"ix":3},"r":{"a":0,"k":0,"ix":6},"o":{"a":0,"k":100,"ix":7},"sk":{"a":0,"k":0,"ix":4},"sa":{"a":0,"k":0,"ix":5},"nm":"Transform"}],"nm":"Group 4","np":2,"cix":2,"bm":0,"ix":4,"mn":"ADBE Vector Group","hd":false},{"ty":"gr","it":[{"ind":0,"ty":"sh","ix":1,"ks":{"a":0,"k":{"i":[[0.183,0.056],[0.837,-0.718],[-0.097,-0.407],[-0.299,-0.19],[-0.884,-0.154],[-0.76,0.142],[1.062,0.716],[0.758,0.211]],"o":[[-0.976,-0.299],[-0.318,0.273],[0.082,0.345],[0.758,0.48],[0.758,0.132],[1.029,-0.192],[-0.662,-0.446],[-0.172,-0.048]],"v":[[-2.98,-55.859],[-5.886,-55.756],[-6.335,-54.65],[-5.663,-53.861],[-3.129,-53.01],[-0.789,-52.956],[-0.266,-54.759],[-2.447,-55.7]],"c":true},"ix":2},"nm":"Path 1","mn":"ADBE Vector Shape - Group","hd":false},{"ty":"fl","c":{"a":0,"k":[0,0,0,1],"ix":4},"o":{"a":0,"k":100,"ix":5},"r":1,"bm":0,"nm":"Fill 1","mn":"ADBE Vector Graphic - Fill","hd":false},{"ty":"tr","p":{"a":0,"k":[0,0],"ix":2},"a":{"a":0,"k":[0,0],"ix":1},"s":{"a":0,"k":[100,100],"ix":3},"r":{"a":0,"k":0,"ix":6},"o":{"a":0,"k":100,"ix":7},"sk":{"a":0,"k":0,"ix":4},"sa":{"a":0,"k":0,"ix":5},"nm":"Transform"}],"nm":"Group 5","np":2,"cix":2,"bm":0,"ix":5,"mn":"ADBE Vector Group","hd":false},{"ty":"gr","it":[{"ind":0,"ty":"sh","ix":1,"ks":{"a":0,"k":{"i":[[0,0],[1.989,-4.959],[-1.538,-1.686],[-1.231,-0.787]],"o":[[-1.989,4.959],[-0.742,1.852],[0.997,1.098],[0,0]],"v":[[3.242,-53.671],[-0.527,-44.563],[-0.773,-39.511],[2.541,-37.299]],"c":false},"ix":2},"nm":"Path 1","mn":"ADBE Vector Shape - Group","hd":false},{"ty":"st","c":{"a":0,"k":[0,0,0,1],"ix":3},"o":{"a":0,"k":100,"ix":4},"w":{"a":0,"k":0.784,"ix":5},"lc":2,"lj":2,"bm":0,"nm":"Stroke 1","mn":"ADBE Vector Graphic - Stroke","hd":false},{"ty":"tr","p":{"a":0,"k":[0,0],"ix":2},"a":{"a":0,"k":[0,0],"ix":1},"s":{"a":0,"k":[100,100],"ix":3},"r":{"a":0,"k":0,"ix":6},"o":{"a":0,"k":100,"ix":7},"sk":{"a":0,"k":0,"ix":4},"sa":{"a":0,"k":0,"ix":5},"nm":"Transform"}],"nm":"Group 26","np":2,"cix":2,"bm":0,"ix":6,"mn":"ADBE Vector Group","hd":false},{"ty":"tr","p":{"a":1,"k":[{"i":{"x":0.667,"y":1},"o":{"x":0.333,"y":0},"t":10,"s":[3.616,-43.51],"to":[-0.048,0.259],"ti":[0.048,-0.259]},{"i":{"x":0.667,"y":0.667},"o":{"x":0.333,"y":0.333},"t":21,"s":[3.329,-41.955],"to":[0,0],"ti":[0,0]},{"i":{"x":0.667,"y":0.667},"o":{"x":0.167,"y":0.167},"t":30,"s":[3.329,-41.955],"to":[0,0],"ti":[0,0]},{"i":{"x":0.667,"y":1},"o":{"x":0.167,"y":0},"t":50,"s":[3.329,-41.955],"to":[0.048,-0.259],"ti":[-0.048,0.259]},{"t":60,"s":[3.616,-43.51]}],"ix":2},"a":{"a":0,"k":[3.616,-43.51],"ix":1},"s":{"a":0,"k":[100,100],"ix":3},"r":{"a":0,"k":0,"ix":6},"o":{"a":0,"k":100,"ix":7},"sk":{"a":0,"k":0,"ix":4},"sa":{"a":0,"k":0,"ix":5},"nm":"Transform"}],"nm":"Group 26","np":6,"cix":2,"bm":0,"ix":1,"mn":"ADBE Vector Group","hd":false},{"ty":"gr","it":[{"ind":0,"ty":"sh","ix":1,"ks":{"a":0,"k":{"i":[[-2.37,-0.055],[-0.287,-0.011],[-1.72,-0.623],[-1.424,-0.936],[-1.107,-3.531],[-0.143,-3.698],[1.579,-0.428],[1.416,1.385],[2.252,1.572],[2.427,1.287],[19.936,-3.814],[0.564,0.209],[-0.124,0.738],[-1.416,0.88],[-2.523,0.993],[-5.424,0.171],[-6.249,-2.498],[-2.975,-1.789]],"o":[[0.268,0.006],[1.828,0.069],[1.603,0.581],[3.093,2.033],[1.107,3.531],[0.063,1.635],[-2.415,0.654],[-1.963,-1.92],[-2.253,-1.573],[-17.931,-9.511],[-0.591,0.113],[-0.702,-0.26],[0.3,-1.788],[2.303,-1.432],[5.051,-1.988],[6.755,-0.213],[3.222,1.288],[2.221,1.335]],"v":[[26.6,-62.28],[27.432,-62.256],[32.748,-60.986],[37.374,-58.837],[43.621,-49.923],[45.123,-38.956],[43.333,-34.8],[37.282,-39.199],[30.945,-44.45],[23.886,-48.694],[-35.032,-58.537],[-36.812,-58.516],[-37.85,-60.307],[-31.862,-65.149],[-24.6,-68.789],[-8.725,-72.048],[11.001,-68.251],[20.337,-63.627]],"c":true},"ix":2},"nm":"Path 1","mn":"ADBE Vector Shape - Group","hd":false},{"ty":"st","c":{"a":0,"k":[0,0,0,1],"ix":3},"o":{"a":0,"k":100,"ix":4},"w":{"a":0,"k":0.784,"ix":5},"lc":1,"lj":1,"ml":10,"bm":0,"nm":"Stroke 1","mn":"ADBE Vector Graphic - Stroke","hd":false},{"ty":"fl","c":{"a":0,"k":[1,0.597,0.38,1],"ix":4},"o":{"a":0,"k":100,"ix":5},"r":1,"bm":0,"nm":"Fill 1","mn":"ADBE Vector Graphic - Fill","hd":false},{"ty":"tr","p":{"a":0,"k":[0,0],"ix":2},"a":{"a":0,"k":[0,0],"ix":1},"s":{"a":0,"k":[100,100],"ix":3},"r":{"a":0,"k":0,"ix":6},"o":{"a":0,"k":100,"ix":7},"sk":{"a":0,"k":0,"ix":4},"sa":{"a":0,"k":0,"ix":5},"nm":"Transform"}],"nm":"Group 8","np":3,"cix":2,"bm":0,"ix":2,"mn":"ADBE Vector Group","hd":false},{"ty":"gr","it":[{"ind":0,"ty":"sh","ix":1,"ks":{"a":0,"k":{"i":[[-2.539,3.208],[-4.469,-0.39],[-5.166,0.596],[-1.401,0.241],[-1.949,-2.244],[-0.745,-2.877],[0.416,-5.445],[1.608,-0.878],[1.043,0.122],[10.957,1.684],[0.824,3.821],[-0.995,1.268]],"o":[[2.784,-3.518],[5.18,0.452],[1.413,-0.163],[2.929,-0.504],[1.949,2.244],[1.369,5.287],[-0.14,1.827],[-0.922,0.503],[-11.011,-1.283],[-3.16,-0.486],[-0.397,-1.842],[2.525,-3.219]],"v":[[-8.653,-82.24],[2.161,-89.243],[16.243,-83.245],[20.364,-84.326],[28.251,-81.079],[31.992,-73.074],[33.435,-56.829],[31.271,-52.033],[28.192,-51.68],[-2.242,-64.496],[-19.714,-66.746],[-16.27,-72.614]],"c":true},"ix":2},"nm":"Path 1","mn":"ADBE Vector Shape - Group","hd":false},{"ty":"fl","c":{"a":0,"k":[1,0.597,0.38,1],"ix":4},"o":{"a":0,"k":100,"ix":5},"r":1,"bm":0,"nm":"Fill 1","mn":"ADBE Vector Graphic - Fill","hd":false},{"ty":"tr","p":{"a":0,"k":[0,0],"ix":2},"a":{"a":0,"k":[0,0],"ix":1},"s":{"a":0,"k":[100,100],"ix":3},"r":{"a":0,"k":0,"ix":6},"o":{"a":0,"k":100,"ix":7},"sk":{"a":0,"k":0,"ix":4},"sa":{"a":0,"k":0,"ix":5},"nm":"Transform"}],"nm":"Group 9","np":2,"cix":2,"bm":0,"ix":3,"mn":"ADBE Vector Group","hd":false},{"ty":"gr","it":[{"ty":"gr","it":[{"ind":0,"ty":"sh","ix":1,"ks":{"a":0,"k":{"i":[[0,0],[-1.205,-0.948]],"o":[[1.303,0.808],[0,0]],"v":[[-29.534,-87.44],[-25.768,-84.804]],"c":false},"ix":2},"nm":"Path 1","mn":"ADBE Vector Shape - Group","hd":false},{"ty":"st","c":{"a":0,"k":[0,0,0,1],"ix":3},"o":{"a":0,"k":100,"ix":4},"w":{"a":0,"k":0.784,"ix":5},"lc":2,"lj":2,"bm":0,"nm":"Stroke 1","mn":"ADBE Vector Graphic - Stroke","hd":false},{"ty":"tr","p":{"a":0,"k":[0,0],"ix":2},"a":{"a":0,"k":[0,0],"ix":1},"s":{"a":0,"k":[100,100],"ix":3},"r":{"a":0,"k":0,"ix":6},"o":{"a":0,"k":100,"ix":7},"sk":{"a":0,"k":0,"ix":4},"sa":{"a":0,"k":0,"ix":5},"nm":"Transform"}],"nm":"Group 10","np":2,"cix":2,"bm":0,"ix":1,"mn":"ADBE Vector Group","hd":false},{"ty":"gr","it":[{"ind":0,"ty":"sh","ix":1,"ks":{"a":0,"k":{"i":[[0,0],[-0.353,-2.155]],"o":[[-0.103,2.181],[0,0]],"v":[[-17.23,-94.847],[-16.854,-88.319]],"c":false},"ix":2},"nm":"Path 1","mn":"ADBE Vector Shape - Group","hd":false},{"ty":"st","c":{"a":0,"k":[0,0,0,1],"ix":3},"o":{"a":0,"k":100,"ix":4},"w":{"a":0,"k":0.784,"ix":5},"lc":2,"lj":2,"bm":0,"nm":"Stroke 1","mn":"ADBE Vector Graphic - Stroke","hd":false},{"ty":"tr","p":{"a":0,"k":[0,0],"ix":2},"a":{"a":0,"k":[0,0],"ix":1},"s":{"a":0,"k":[100,100],"ix":3},"r":{"a":0,"k":0,"ix":6},"o":{"a":0,"k":100,"ix":7},"sk":{"a":0,"k":0,"ix":4},"sa":{"a":0,"k":0,"ix":5},"nm":"Transform"}],"nm":"Group 11","np":2,"cix":2,"bm":0,"ix":2,"mn":"ADBE Vector Group","hd":false},{"ty":"gr","it":[{"ind":0,"ty":"sh","ix":1,"ks":{"a":0,"k":{"i":[[0,0],[-1.981,-3.802]],"o":[[1.798,3.892],[0,0]],"v":[[-26.344,-97.324],[-20.675,-85.78]],"c":false},"ix":2},"nm":"Path 1","mn":"ADBE Vector Shape - Group","hd":false},{"ty":"st","c":{"a":0,"k":[0,0,0,1],"ix":3},"o":{"a":0,"k":100,"ix":4},"w":{"a":0,"k":0.784,"ix":5},"lc":2,"lj":2,"bm":0,"nm":"Stroke 1","mn":"ADBE Vector Graphic - Stroke","hd":false},{"ty":"tr","p":{"a":0,"k":[0,0],"ix":2},"a":{"a":0,"k":[0,0],"ix":1},"s":{"a":0,"k":[100,100],"ix":3},"r":{"a":0,"k":0,"ix":6},"o":{"a":0,"k":100,"ix":7},"sk":{"a":0,"k":0,"ix":4},"sa":{"a":0,"k":0,"ix":5},"nm":"Transform"}],"nm":"Group 6","np":2,"cix":2,"bm":0,"ix":3,"mn":"ADBE Vector Group","hd":false},{"ty":"tr","p":{"a":0,"k":[-23.194,-91.064],"ix":2},"a":{"a":0,"k":[-23.194,-91.064],"ix":1},"s":{"a":0,"k":[100,100],"ix":3},"r":{"a":0,"k":0,"ix":6},"o":{"a":1,"k":[{"i":{"x":[0.833],"y":[0.833]},"o":{"x":[0.167],"y":[0.167]},"t":5,"s":[0]},{"i":{"x":[0.833],"y":[0.833]},"o":{"x":[0.167],"y":[0.167]},"t":10,"s":[100]},{"i":{"x":[0.833],"y":[0.833]},"o":{"x":[0.167],"y":[0.167]},"t":15,"s":[0]},{"i":{"x":[0.833],"y":[0.833]},"o":{"x":[0.167],"y":[0.167]},"t":20,"s":[100]},{"i":{"x":[0.833],"y":[0.833]},"o":{"x":[0.167],"y":[0.167]},"t":25,"s":[0]},{"i":{"x":[0.833],"y":[0.833]},"o":{"x":[0.167],"y":[0.167]},"t":30,"s":[100]},{"i":{"x":[0.833],"y":[0.833]},"o":{"x":[0.167],"y":[0.167]},"t":35,"s":[0]},{"i":{"x":[0.833],"y":[0.833]},"o":{"x":[0.167],"y":[0.167]},"t":40,"s":[100]},{"t":45,"s":[0]}],"ix":7},"sk":{"a":0,"k":0,"ix":4},"sa":{"a":0,"k":0,"ix":5},"nm":"Transform"}],"nm":"Group 27","np":3,"cix":2,"bm":0,"ix":4,"mn":"ADBE Vector Group","hd":false},{"ty":"gr","it":[{"ind":0,"ty":"sh","ix":1,"ks":{"a":0,"k":{"i":[[0,0],[0.103,-0.112],[0.559,-0.608]],"o":[[-0.021,0.15],[-0.559,0.608],[0,0]],"v":[[26.562,-57.766],[26.331,-57.383],[24.655,-55.559]],"c":false},"ix":2},"nm":"Path 1","mn":"ADBE Vector Shape - Group","hd":false},{"ty":"st","c":{"a":0,"k":[0,0,0,1],"ix":3},"o":{"a":0,"k":100,"ix":4},"w":{"a":0,"k":0.784,"ix":5},"lc":2,"lj":2,"bm":0,"nm":"Stroke 1","mn":"ADBE Vector Graphic - Stroke","hd":false},{"ty":"tr","p":{"a":0,"k":[0,0],"ix":2},"a":{"a":0,"k":[0,0],"ix":1},"s":{"a":0,"k":[100,100],"ix":3},"r":{"a":0,"k":0,"ix":6},"o":{"a":0,"k":100,"ix":7},"sk":{"a":0,"k":0,"ix":4},"sa":{"a":0,"k":0,"ix":5},"nm":"Transform"}],"nm":"Group 12","np":2,"cix":2,"bm":0,"ix":5,"mn":"ADBE Vector Group","hd":false},{"ty":"gr","it":[{"ind":0,"ty":"sh","ix":1,"ks":{"a":0,"k":{"i":[[0,0],[0.029,-1.367]],"o":[[-1.046,0.879],[0,0]],"v":[[-31.526,-44.821],[-33.246,-41.23]],"c":false},"ix":2},"nm":"Path 1","mn":"ADBE Vector Shape - Group","hd":false},{"ty":"st","c":{"a":0,"k":[0,0,0,1],"ix":3},"o":{"a":0,"k":100,"ix":4},"w":{"a":0,"k":0.784,"ix":5},"lc":2,"lj":2,"bm":0,"nm":"Stroke 1","mn":"ADBE Vector Graphic - Stroke","hd":false},{"ty":"tr","p":{"a":0,"k":[0,0],"ix":2},"a":{"a":0,"k":[0,0],"ix":1},"s":{"a":0,"k":[100,100],"ix":3},"r":{"a":0,"k":0,"ix":6},"o":{"a":0,"k":100,"ix":7},"sk":{"a":0,"k":0,"ix":4},"sa":{"a":0,"k":0,"ix":5},"nm":"Transform"}],"nm":"Group 13","np":2,"cix":2,"bm":0,"ix":6,"mn":"ADBE Vector Group","hd":false},{"ty":"gr","it":[{"ind":0,"ty":"sh","ix":1,"ks":{"a":0,"k":{"i":[[0,0],[-1.319,-2.429]],"o":[[2.702,-0.579],[0,0]],"v":[[-35.915,-46.22],[-28.888,-42.99]],"c":false},"ix":2},"nm":"Path 1","mn":"ADBE Vector Shape - Group","hd":false},{"ty":"st","c":{"a":0,"k":[0,0,0,1],"ix":3},"o":{"a":0,"k":100,"ix":4},"w":{"a":0,"k":0.784,"ix":5},"lc":2,"lj":2,"bm":0,"nm":"Stroke 1","mn":"ADBE Vector Graphic - Stroke","hd":false},{"ty":"tr","p":{"a":0,"k":[0,0],"ix":2},"a":{"a":0,"k":[0,0],"ix":1},"s":{"a":0,"k":[100,100],"ix":3},"r":{"a":0,"k":0,"ix":6},"o":{"a":0,"k":100,"ix":7},"sk":{"a":0,"k":0,"ix":4},"sa":{"a":0,"k":0,"ix":5},"nm":"Transform"}],"nm":"Group 14","np":2,"cix":2,"bm":0,"ix":7,"mn":"ADBE Vector Group","hd":false},{"ty":"gr","it":[{"ind":0,"ty":"sh","ix":1,"ks":{"a":0,"k":{"i":[[0,0],[-0.157,-0.15],[-0.496,-4.192],[1.399,-3.983],[0.898,-1.227],[0.454,-0.166],[1.19,0.474],[0.987,-1.204],[1.29,-0.822],[3.064,-0.325],[2.362,0.593],[1.586,0.344],[1.863,0.564],[2.263,4.423],[-0.401,4.154],[-1.73,3.592]],"o":[[-0.165,-0.141],[3.055,2.914],[0.496,4.192],[-0.504,1.434],[-0.286,0.39],[-1.203,0.441],[-1.841,-0.733],[-0.977,1.193],[-2.598,1.656],[-2.43,0.258],[-1.591,-0.4],[-1.892,-0.41],[-4.748,-1.438],[-1.905,-3.724],[0.357,-3.476],[0,0]],"v":[[24.295,-49.871],[24.69,-49.947],[30.018,-38.735],[28.395,-26.285],[26.394,-22.206],[25.319,-21.265],[21.825,-22.536],[18.208,-21.021],[14.549,-18.008],[5.904,-14.981],[-1.261,-15.559],[-6.095,-16.402],[-11.811,-18.143],[-22.724,-27.287],[-24.966,-39.457],[-22.117,-49.525]],"c":false},"ix":2},"nm":"Path 1","mn":"ADBE Vector Shape - Group","hd":false},{"ty":"st","c":{"a":0,"k":[0,0,0,1],"ix":3},"o":{"a":0,"k":100,"ix":4},"w":{"a":0,"k":0.784,"ix":5},"lc":2,"lj":2,"bm":0,"nm":"Stroke 1","mn":"ADBE Vector Graphic - Stroke","hd":false},{"ty":"tr","p":{"a":0,"k":[0,0],"ix":2},"a":{"a":0,"k":[0,0],"ix":1},"s":{"a":0,"k":[100,100],"ix":3},"r":{"a":0,"k":0,"ix":6},"o":{"a":0,"k":100,"ix":7},"sk":{"a":0,"k":0,"ix":4},"sa":{"a":0,"k":0,"ix":5},"nm":"Transform"}],"nm":"Group 15","np":2,"cix":2,"bm":0,"ix":8,"mn":"ADBE Vector Group","hd":false},{"ty":"gr","it":[{"ind":0,"ty":"sh","ix":1,"ks":{"a":0,"k":{"i":[[1.047,0.38],[0.813,0.768],[1.398,3.586],[-0.082,2.803],[-1.286,3.278],[-2.067,2.371],[-4.685,-0.184],[-4.983,-1.625],[-3.938,-2.499],[-1.138,-3.522],[1.7,-4.299],[1.049,-1.641],[1.553,-1.144],[2.511,-0.531],[4.426,0.368],[0.952,-0.022],[1.052,0.253],[2.392,0.785]],"o":[[-1.12,-0.407],[-2.733,-2.583],[-1.02,-2.616],[0.105,-3.511],[1.146,-2.919],[3.328,-3.815],[5.258,0.205],[4.476,1.461],[3.288,2.087],[1.422,4.399],[-0.716,1.811],[-1.039,1.625],[-2.067,1.522],[-4.328,0.916],[-0.961,-0.08],[-1.062,0.025],[-2.448,-0.588],[-0.987,-0.324]],"v":[[-13.856,-18.884],[-16.852,-20.57],[-23.318,-29.169],[-24.7,-37.406],[-22.534,-47.786],[-18.228,-55.871],[-5.433,-61.702],[10.008,-58.943],[22.878,-52.216],[29.252,-42.547],[28.817,-28.959],[26.076,-23.81],[22.341,-19.436],[15.167,-16.814],[2.473,-15.244],[-0.454,-15.582],[-3.46,-15.83],[-10.725,-17.891]],"c":true},"ix":2},"nm":"Path 1","mn":"ADBE Vector Shape - Group","hd":false},{"ty":"fl","c":{"a":0,"k":[1,1,1,1],"ix":4},"o":{"a":0,"k":100,"ix":5},"r":1,"bm":0,"nm":"Fill 1","mn":"ADBE Vector Graphic - Fill","hd":false},{"ty":"tr","p":{"a":0,"k":[0,0],"ix":2},"a":{"a":0,"k":[0,0],"ix":1},"s":{"a":0,"k":[100,100],"ix":3},"r":{"a":0,"k":0,"ix":6},"o":{"a":0,"k":100,"ix":7},"sk":{"a":0,"k":0,"ix":4},"sa":{"a":0,"k":0,"ix":5},"nm":"Transform"}],"nm":"Group 16","np":2,"cix":2,"bm":0,"ix":9,"mn":"ADBE Vector Group","hd":false},{"ty":"gr","it":[{"ind":0,"ty":"sh","ix":1,"ks":{"a":0,"k":{"i":[[0,0],[2.684,0.474],[2.055,-4.277],[-3.559,-3.136],[-3.983,2.58]],"o":[[-0.392,-2.701],[-4.674,-0.819],[-2.055,4.277],[3.559,3.136],[0,0]],"v":[[-22.465,-48.354],[-28.251,-53.365],[-40.047,-47.309],[-37.408,-34.317],[-24.977,-33.193]],"c":false},"ix":2},"nm":"Path 1","mn":"ADBE Vector Shape - Group","hd":false},{"ty":"st","c":{"a":0,"k":[0,0,0,1],"ix":3},"o":{"a":0,"k":100,"ix":4},"w":{"a":0,"k":0.784,"ix":5},"lc":2,"lj":2,"bm":0,"nm":"Stroke 1","mn":"ADBE Vector Graphic - Stroke","hd":false},{"ty":"tr","p":{"a":0,"k":[0,0],"ix":2},"a":{"a":0,"k":[0,0],"ix":1},"s":{"a":0,"k":[100,100],"ix":3},"r":{"a":0,"k":0,"ix":6},"o":{"a":0,"k":100,"ix":7},"sk":{"a":0,"k":0,"ix":4},"sa":{"a":0,"k":0,"ix":5},"nm":"Transform"}],"nm":"Group 17","np":2,"cix":2,"bm":0,"ix":10,"mn":"ADBE Vector Group","hd":false},{"ty":"gr","it":[{"ind":0,"ty":"sh","ix":1,"ks":{"a":0,"k":{"i":[[0,0],[2.684,0.474],[2.055,-4.277],[-3.559,-3.136],[-3.983,2.58]],"o":[[-0.392,-2.701],[-4.674,-0.819],[-2.055,4.277],[3.559,3.136],[0,0]],"v":[[-22.465,-48.354],[-28.251,-53.365],[-40.047,-47.309],[-37.408,-34.317],[-24.977,-33.193]],"c":false},"ix":2},"nm":"Path 1","mn":"ADBE Vector Shape - Group","hd":false},{"ty":"fl","c":{"a":0,"k":[1,1,1,1],"ix":4},"o":{"a":0,"k":100,"ix":5},"r":1,"bm":0,"nm":"Fill 1","mn":"ADBE Vector Graphic - Fill","hd":false},{"ty":"tr","p":{"a":0,"k":[0,0],"ix":2},"a":{"a":0,"k":[0,0],"ix":1},"s":{"a":0,"k":[100,100],"ix":3},"r":{"a":0,"k":0,"ix":6},"o":{"a":0,"k":100,"ix":7},"sk":{"a":0,"k":0,"ix":4},"sa":{"a":0,"k":0,"ix":5},"nm":"Transform"}],"nm":"Group 18","np":2,"cix":2,"bm":0,"ix":11,"mn":"ADBE Vector Group","hd":false},{"ty":"gr","it":[{"ind":0,"ty":"sh","ix":1,"ks":{"a":0,"k":{"i":[[0,0],[-2.568,-0.923],[0.339,-4.733],[4.646,-0.951],[2.176,4.216]],"o":[[1.682,-2.149],[4.465,1.608],[-0.342,4.729],[-4.647,0.954],[0,0]],"v":[[25.39,-36.682],[32.902,-38.158],[40.132,-27.042],[31.39,-17.079],[19.431,-22.797]],"c":false},"ix":2},"nm":"Path 1","mn":"ADBE Vector Shape - Group","hd":false},{"ty":"st","c":{"a":0,"k":[0,0,0,1],"ix":3},"o":{"a":0,"k":100,"ix":4},"w":{"a":0,"k":0.784,"ix":5},"lc":2,"lj":2,"bm":0,"nm":"Stroke 1","mn":"ADBE Vector Graphic - Stroke","hd":false},{"ty":"tr","p":{"a":0,"k":[1,-3],"ix":2},"a":{"a":0,"k":[0,0],"ix":1},"s":{"a":0,"k":[100,100],"ix":3},"r":{"a":0,"k":0,"ix":6},"o":{"a":0,"k":100,"ix":7},"sk":{"a":0,"k":0,"ix":4},"sa":{"a":0,"k":0,"ix":5},"nm":"Transform"}],"nm":"Group 19","np":2,"cix":2,"bm":0,"ix":12,"mn":"ADBE Vector Group","hd":false},{"ty":"gr","it":[{"ind":0,"ty":"sh","ix":1,"ks":{"a":0,"k":{"i":[[0,0],[-2.568,-0.923],[0.339,-4.733],[4.646,-0.951],[2.176,4.216]],"o":[[1.682,-2.149],[4.465,1.608],[-0.342,4.729],[-4.647,0.954],[0,0]],"v":[[25.39,-36.682],[32.902,-38.158],[40.132,-27.042],[31.39,-17.079],[19.431,-22.797]],"c":false},"ix":2},"nm":"Path 1","mn":"ADBE Vector Shape - Group","hd":false},{"ty":"fl","c":{"a":0,"k":[1,1,1,1],"ix":4},"o":{"a":0,"k":100,"ix":5},"r":1,"bm":0,"nm":"Fill 1","mn":"ADBE Vector Graphic - Fill","hd":false},{"ty":"tr","p":{"a":0,"k":[1.5,-2.833],"ix":2},"a":{"a":0,"k":[0,0],"ix":1},"s":{"a":0,"k":[100,100],"ix":3},"r":{"a":0,"k":0,"ix":6},"o":{"a":0,"k":100,"ix":7},"sk":{"a":0,"k":0,"ix":4},"sa":{"a":0,"k":0,"ix":5},"nm":"Transform"}],"nm":"Group 20","np":2,"cix":2,"bm":0,"ix":13,"mn":"ADBE Vector Group","hd":false},{"ty":"gr","it":[{"ind":0,"ty":"sh","ix":1,"ks":{"a":0,"k":{"i":[[0.977,0.088],[0.574,0.01],[1.539,0.15],[7.114,1.778],[6.433,-0.273],[2.112,2.413],[0.369,0.553],[0.51,1.925],[-5.932,4.389],[-3.298,1.056],[-5.546,1.468],[-5.008,-2.7],[-0.992,-3.694],[-3.499,-3.469],[-1.368,-2.247],[0.132,-2.499],[0.474,-1.014],[0.887,-0.945],[1.69,-0.742]],"o":[[-0.504,-0.045],[-1.507,-0.025],[-7.298,-0.71],[-6.385,-1.596],[-3.056,0.13],[-0.437,-0.499],[-1.111,-1.666],[-1.777,-6.705],[2.784,-2.06],[5.475,-1.752],[5.5,-1.456],[3.32,1.79],[1.241,4.618],[1.779,1.763],[1.297,2.131],[-0.059,1.118],[-0.549,1.174],[-1.263,1.345],[-1.102,0.484]],"v":[[29.416,-27.748],[27.816,-27.863],[23.338,-27.632],[3.045,-35.811],[-16.321,-35.461],[-23.526,-37.361],[-24.734,-38.943],[-27.159,-44.414],[-22.623,-62.972],[-13.227,-67.292],[3.043,-72.88],[19.594,-70.92],[26.465,-63.088],[32.758,-50.001],[37.907,-45.018],[39.772,-37.881],[39.025,-34.627],[36.715,-31.521],[32.405,-28.109]],"c":true},"ix":2},"nm":"Path 1","mn":"ADBE Vector Shape - Group","hd":false},{"ty":"fl","c":{"a":0,"k":[0.9958,0.4553,0.1642,1],"ix":4},"o":{"a":0,"k":100,"ix":5},"r":1,"bm":0,"nm":"Fill 1","mn":"ADBE Vector Graphic - Fill","hd":false},{"ty":"tr","p":{"a":0,"k":[0,0],"ix":2},"a":{"a":0,"k":[0,0],"ix":1},"s":{"a":0,"k":[100,100],"ix":3},"r":{"a":0,"k":0,"ix":6},"o":{"a":0,"k":100,"ix":7},"sk":{"a":0,"k":0,"ix":4},"sa":{"a":0,"k":0,"ix":5},"nm":"Transform"}],"nm":"Group 21","np":2,"cix":2,"bm":0,"ix":14,"mn":"ADBE Vector Group","hd":false},{"ty":"gr","it":[{"ind":0,"ty":"sh","ix":1,"ks":{"a":0,"k":{"i":[[0,0],[-0.812,2.176]],"o":[[0.812,-2.176],[0,0]],"v":[[-22.219,-52.258],[-19.784,-58.786]],"c":false},"ix":2},"nm":"Path 1","mn":"ADBE Vector Shape - Group","hd":false},{"ty":"st","c":{"a":0,"k":[0,0,0,1],"ix":3},"o":{"a":0,"k":100,"ix":4},"w":{"a":0,"k":0.784,"ix":5},"lc":2,"lj":2,"bm":0,"nm":"Stroke 1","mn":"ADBE Vector Graphic - Stroke","hd":false},{"ty":"tr","p":{"a":0,"k":[0,0],"ix":2},"a":{"a":0,"k":[0,0],"ix":1},"s":{"a":0,"k":[100,100],"ix":3},"r":{"a":0,"k":0,"ix":6},"o":{"a":0,"k":100,"ix":7},"sk":{"a":0,"k":0,"ix":4},"sa":{"a":0,"k":0,"ix":5},"nm":"Transform"}],"nm":"Group 22","np":2,"cix":2,"bm":0,"ix":15,"mn":"ADBE Vector Group","hd":false},{"ty":"gr","it":[{"ind":0,"ty":"sh","ix":1,"ks":{"a":0,"k":{"i":[[-1.67,5.832],[-0.301,0.272],[-0.63,-0.108],[-2.049,-0.362],[-0.606,-0.608],[0.488,-1.42],[3.504,-4.41],[2.174,-0.482],[-2.455,4.081]],"o":[[0.112,-0.39],[0.474,-0.429],[2.051,0.351],[0.845,0.149],[1.06,1.064],[-1.831,5.326],[-1.385,1.743],[-5.12,1.134],[3.023,-5.025]],"v":[[-12.322,-21.929],[-11.792,-23.006],[-9.958,-23.246],[-3.809,-22.177],[-1.457,-21.241],[-1.236,-16.983],[-9.316,-2.236],[-14.524,1.728],[-20.546,-7.226]],"c":true},"ix":2},"nm":"Path 1","mn":"ADBE Vector Shape - Group","hd":false},{"ty":"st","c":{"a":0,"k":[0,0,0,1],"ix":3},"o":{"a":0,"k":100,"ix":4},"w":{"a":0,"k":0.784,"ix":5},"lc":2,"lj":2,"bm":0,"nm":"Stroke 1","mn":"ADBE Vector Graphic - Stroke","hd":false},{"ty":"fl","c":{"a":0,"k":[1,1,1,1],"ix":4},"o":{"a":0,"k":100,"ix":5},"r":1,"bm":0,"nm":"Fill 1","mn":"ADBE Vector Graphic - Fill","hd":false},{"ty":"tr","p":{"a":0,"k":[0,0],"ix":2},"a":{"a":0,"k":[0,0],"ix":1},"s":{"a":0,"k":[100,100],"ix":3},"r":{"a":0,"k":0,"ix":6},"o":{"a":0,"k":100,"ix":7},"sk":{"a":0,"k":0,"ix":4},"sa":{"a":0,"k":0,"ix":5},"nm":"Transform"}],"nm":"Group 23","np":3,"cix":2,"bm":0,"ix":16,"mn":"ADBE Vector Group","hd":false},{"ty":"gr","it":[{"ind":0,"ty":"sh","ix":1,"ks":{"a":0,"k":{"i":[[3.313,-0.548],[1.738,0.668],[0.375,1.823],[-1.207,1.521],[-0.975,0.236],[-1.029,-0.613],[-1.21,-2.491]],"o":[[-1.837,0.304],[-1.738,-0.668],[-0.392,-1.902],[0.624,-0.786],[1.164,-0.282],[2.38,1.418],[1.754,3.61]],"v":[[38.561,-31.768],[33.053,-32.11],[29.43,-36.052],[31.117,-41.432],[33.486,-43.197],[36.89,-42.371],[42.436,-36.318]],"c":true},"ix":2},"nm":"Path 1","mn":"ADBE Vector Shape - Group","hd":false},{"ty":"fl","c":{"a":0,"k":[0,0,0,1],"ix":4},"o":{"a":0,"k":100,"ix":5},"r":1,"bm":0,"nm":"Fill 1","mn":"ADBE Vector Graphic - Fill","hd":false},{"ty":"tr","p":{"a":0,"k":[0,0],"ix":2},"a":{"a":0,"k":[0,0],"ix":1},"s":{"a":0,"k":[100,100],"ix":3},"r":{"a":0,"k":0,"ix":6},"o":{"a":0,"k":100,"ix":7},"sk":{"a":0,"k":0,"ix":4},"sa":{"a":0,"k":0,"ix":5},"nm":"Transform"}],"nm":"Group 24","np":2,"cix":2,"bm":0,"ix":17,"mn":"ADBE Vector Group","hd":false},{"ty":"gr","it":[{"ind":0,"ty":"sh","ix":1,"ks":{"a":0,"k":{"i":[[-1.689,-0.832],[-1.51,0.979],[-0.266,1.269],[1.023,1.447],[0.589,0.266],[0.696,-0.026],[1.848,-0.494],[0.334,-1.414]],"o":[[1.615,0.795],[1.088,-0.705],[0.364,-1.735],[-0.373,-0.528],[-0.634,-0.287],[-1.94,0.073],[-1.169,0.312],[-0.585,2.477]],"v":[[-30.222,-52.359],[-25.081,-51.986],[-23.215,-55.282],[-23.883,-60.404],[-25.345,-61.641],[-27.387,-61.977],[-32.949,-60.59],[-37.503,-59.127]],"c":true},"ix":2},"nm":"Path 1","mn":"ADBE Vector Shape - Group","hd":false},{"ty":"fl","c":{"a":0,"k":[0,0,0,1],"ix":4},"o":{"a":0,"k":100,"ix":5},"r":1,"bm":0,"nm":"Fill 1","mn":"ADBE Vector Graphic - Fill","hd":false},{"ty":"tr","p":{"a":0,"k":[0,0],"ix":2},"a":{"a":0,"k":[0,0],"ix":1},"s":{"a":0,"k":[100,100],"ix":3},"r":{"a":0,"k":0,"ix":6},"o":{"a":0,"k":100,"ix":7},"sk":{"a":0,"k":0,"ix":4},"sa":{"a":0,"k":0,"ix":5},"nm":"Transform"}],"nm":"Group 25","np":2,"cix":2,"bm":0,"ix":18,"mn":"ADBE Vector Group","hd":false},{"ty":"tr","p":{"a":0,"k":[-20.968,-2.061],"ix":2},"a":{"a":0,"k":[-20.968,-2.061],"ix":1},"s":{"a":0,"k":[100,100],"ix":3},"r":{"a":1,"k":[{"i":{"x":[0.833],"y":[1]},"o":{"x":[0.333],"y":[0]},"t":10,"s":[0]},{"i":{"x":[0.833],"y":[1]},"o":{"x":[0.167],"y":[0]},"t":21,"s":[8]},{"i":{"x":[0.833],"y":[1]},"o":{"x":[0.167],"y":[0]},"t":30,"s":[8]},{"i":{"x":[0.667],"y":[1]},"o":{"x":[0.167],"y":[0]},"t":50,"s":[8]},{"t":60,"s":[0]}],"ix":6},"o":{"a":0,"k":100,"ix":7},"sk":{"a":0,"k":0,"ix":4},"sa":{"a":0,"k":0,"ix":5},"nm":"Transform"}],"nm":"Group 8","np":18,"cix":2,"bm":0,"ix":6,"mn":"ADBE Vector Group","hd":false}],"ip":0,"op":120,"st":0,"bm":0},{"ddd":0,"ind":4,"ty":4,"nm":"Layer 6","sr":1,"ks":{"o":{"a":0,"k":100,"ix":11},"r":{"a":0,"k":0,"ix":10},"p":{"a":1,"k":[{"i":{"x":0.667,"y":1},"o":{"x":0.333,"y":0},"t":58,"s":[212.981,233.506,0],"to":[1.667,-1.111,0],"ti":[-1.667,1.111,0]},{"t":78,"s":[222.981,226.84,0]}],"ix":2,"l":2},"a":{"a":0,"k":[37.981,58.506,0],"ix":1,"l":2},"s":{"a":0,"k":[100,100,100],"ix":6,"l":2}},"ao":0,"shapes":[{"ty":"gr","it":[{"ind":0,"ty":"sh","ix":1,"ks":{"a":0,"k":{"i":[[0,0],[-10.086,8.374],[-0.528,2.497],[2.513,0.448],[0.589,-0.698],[-1.74,-0.438],[-1.558,0.89],[3.143,16.108]],"o":[[12.324,4.47],[1.964,-1.631],[0.528,-2.497],[-0.9,-0.16],[-1.157,1.371],[1.74,0.438],[14.251,-8.139],[0,0]],"v":[[6.801,85.846],[43.82,79.397],[48.194,73.291],[44.836,67.309],[42.331,68.07],[44.186,72.174],[49.28,70.917],[68.488,28.989]],"c":false},"ix":2},"nm":"Path 1","mn":"ADBE Vector Shape - Group","hd":false},{"ty":"st","c":{"a":0,"k":[0,0,0,1],"ix":3},"o":{"a":0,"k":100,"ix":4},"w":{"a":0,"k":0.784,"ix":5},"lc":2,"lj":2,"bm":0,"nm":"Stroke 1","mn":"ADBE Vector Graphic - Stroke","hd":false},{"ty":"tr","p":{"a":0,"k":[0,0],"ix":2},"a":{"a":0,"k":[0,0],"ix":1},"s":{"a":0,"k":[100,100],"ix":3},"r":{"a":0,"k":0,"ix":6},"o":{"a":0,"k":100,"ix":7},"sk":{"a":0,"k":0,"ix":4},"sa":{"a":0,"k":0,"ix":5},"nm":"Transform"}],"nm":"Group 1","np":2,"cix":2,"bm":0,"ix":1,"mn":"ADBE Vector Group","hd":false},{"ty":"tm","s":{"a":1,"k":[{"i":{"x":[0.667],"y":[1]},"o":{"x":[0.333],"y":[0]},"t":68,"s":[0]},{"t":78,"s":[100]}],"ix":1},"e":{"a":1,"k":[{"i":{"x":[0.667],"y":[1]},"o":{"x":[0.333],"y":[0]},"t":58,"s":[0]},{"t":68,"s":[100]}],"ix":2},"o":{"a":0,"k":0,"ix":3},"m":1,"ix":2,"nm":"Trim Paths 1","mn":"ADBE Vector Filter - Trim","hd":false}],"ip":58,"op":78,"st":58,"bm":0},{"ddd":0,"ind":5,"ty":4,"nm":"Layer 5","sr":1,"ks":{"o":{"a":0,"k":100,"ix":11},"r":{"a":0,"k":0,"ix":10},"p":{"a":1,"k":[{"i":{"x":0.667,"y":1},"o":{"x":0.333,"y":0},"t":33,"s":[212.981,233.506,0],"to":[1.667,-1.111,0],"ti":[-1.667,1.111,0]},{"t":53,"s":[222.981,226.84,0]}],"ix":2,"l":2},"a":{"a":0,"k":[37.981,58.506,0],"ix":1,"l":2},"s":{"a":0,"k":[100,100,100],"ix":6,"l":2}},"ao":0,"shapes":[{"ty":"gr","it":[{"ind":0,"ty":"sh","ix":1,"ks":{"a":0,"k":{"i":[[0,0],[-10.086,8.374],[-0.528,2.497],[2.513,0.448],[0.589,-0.698],[-1.74,-0.438],[-1.558,0.89],[3.143,16.108]],"o":[[12.324,4.47],[1.964,-1.631],[0.528,-2.497],[-0.9,-0.16],[-1.157,1.371],[1.74,0.438],[14.251,-8.139],[0,0]],"v":[[6.801,85.846],[43.82,79.397],[48.194,73.291],[44.836,67.309],[42.331,68.07],[44.186,72.174],[49.28,70.917],[68.488,28.989]],"c":false},"ix":2},"nm":"Path 1","mn":"ADBE Vector Shape - Group","hd":false},{"ty":"st","c":{"a":0,"k":[0,0,0,1],"ix":3},"o":{"a":0,"k":100,"ix":4},"w":{"a":0,"k":0.784,"ix":5},"lc":2,"lj":2,"bm":0,"nm":"Stroke 1","mn":"ADBE Vector Graphic - Stroke","hd":false},{"ty":"tr","p":{"a":0,"k":[0,0],"ix":2},"a":{"a":0,"k":[0,0],"ix":1},"s":{"a":0,"k":[100,100],"ix":3},"r":{"a":0,"k":0,"ix":6},"o":{"a":0,"k":100,"ix":7},"sk":{"a":0,"k":0,"ix":4},"sa":{"a":0,"k":0,"ix":5},"nm":"Transform"}],"nm":"Group 1","np":2,"cix":2,"bm":0,"ix":1,"mn":"ADBE Vector Group","hd":false},{"ty":"tm","s":{"a":1,"k":[{"i":{"x":[0.667],"y":[1]},"o":{"x":[0.333],"y":[0]},"t":43,"s":[0]},{"t":53,"s":[100]}],"ix":1},"e":{"a":1,"k":[{"i":{"x":[0.667],"y":[1]},"o":{"x":[0.333],"y":[0]},"t":33,"s":[0]},{"t":43,"s":[100]}],"ix":2},"o":{"a":0,"k":0,"ix":3},"m":1,"ix":2,"nm":"Trim Paths 1","mn":"ADBE Vector Filter - Trim","hd":false}],"ip":33,"op":53,"st":33,"bm":0},{"ddd":0,"ind":6,"ty":4,"nm":"Layer 1","sr":1,"ks":{"o":{"a":0,"k":100,"ix":11},"r":{"a":0,"k":0,"ix":10},"p":{"a":1,"k":[{"i":{"x":0.667,"y":1},"o":{"x":0.333,"y":0},"t":7,"s":[212.981,233.506,0],"to":[1.667,-1.111,0],"ti":[-1.667,1.111,0]},{"t":27,"s":[222.981,226.84,0]}],"ix":2,"l":2},"a":{"a":0,"k":[37.981,58.506,0],"ix":1,"l":2},"s":{"a":0,"k":[100,100,100],"ix":6,"l":2}},"ao":0,"shapes":[{"ty":"gr","it":[{"ind":0,"ty":"sh","ix":1,"ks":{"a":0,"k":{"i":[[0,0],[-10.086,8.374],[-0.528,2.497],[2.513,0.448],[0.589,-0.698],[-1.74,-0.438],[-1.558,0.89],[3.143,16.108]],"o":[[12.324,4.47],[1.964,-1.631],[0.528,-2.497],[-0.9,-0.16],[-1.157,1.371],[1.74,0.438],[14.251,-8.139],[0,0]],"v":[[6.801,85.846],[43.82,79.397],[48.194,73.291],[44.836,67.309],[42.331,68.07],[44.186,72.174],[49.28,70.917],[68.488,28.989]],"c":false},"ix":2},"nm":"Path 1","mn":"ADBE Vector Shape - Group","hd":false},{"ty":"st","c":{"a":0,"k":[0,0,0,1],"ix":3},"o":{"a":0,"k":100,"ix":4},"w":{"a":0,"k":0.784,"ix":5},"lc":2,"lj":2,"bm":0,"nm":"Stroke 1","mn":"ADBE Vector Graphic - Stroke","hd":false},{"ty":"tr","p":{"a":0,"k":[0,0],"ix":2},"a":{"a":0,"k":[0,0],"ix":1},"s":{"a":0,"k":[100,100],"ix":3},"r":{"a":0,"k":0,"ix":6},"o":{"a":0,"k":100,"ix":7},"sk":{"a":0,"k":0,"ix":4},"sa":{"a":0,"k":0,"ix":5},"nm":"Transform"}],"nm":"Group 1","np":2,"cix":2,"bm":0,"ix":1,"mn":"ADBE Vector Group","hd":false},{"ty":"tm","s":{"a":1,"k":[{"i":{"x":[0.667],"y":[1]},"o":{"x":[0.333],"y":[0]},"t":17,"s":[0]},{"t":27,"s":[100]}],"ix":1},"e":{"a":1,"k":[{"i":{"x":[0.667],"y":[1]},"o":{"x":[0.333],"y":[0]},"t":7,"s":[0]},{"t":17,"s":[100]}],"ix":2},"o":{"a":0,"k":0,"ix":3},"m":1,"ix":2,"nm":"Trim Paths 1","mn":"ADBE Vector Filter - Trim","hd":false}],"ip":7,"op":27,"st":7,"bm":0}],"markers":[]}