<?xml version="1.0" encoding="UTF-8"?>
<manifest identifier="com.example.scorm.course" version="1.2"
          xmlns="http://www.imsproject.org/xsd/imscp_rootv1p1p2"
          xmlns:adlcp="http://www.adlnet.org/xsd/adlcp_rootv1p2"
          xmlns:xsi="http://www.w3.org/2001/XMLSchema-instance"
          xsi:schemaLocation="http://www.imsproject.org/xsd/imscp_rootv1p1p2 imscp_rootv1p1p2.xsd
                              http://www.adlnet.org/xsd/adlcp_rootv1p2 adlcp_rootv1p2.xsd">
    <metadata>
        <schema>ADL SCORM</schema>
        <schemaversion>1.2</schemaversion>
    </metadata>
    <organizations default="organization">
        <organization identifier="organization">
            <title>SENAC - Experiência do cliente </title>
            <item identifier="item_1" identifierref="resource_1">
                <title>Experiência do cliente</title>
            </item>
        </organization>
    </organizations>
    <resources>
        <resource identifier="resource_1" type="webcontent" href="index.html" adlcp:scormtype="sco">
            <file href="index.html"/>
            <file href="scorm_api.js"/>
        </resource>
    </resources>
</manifest>
